ReturnId,CalcField,S_ReportingDate,S_FormAlphaValue,S_FormValue,STBFIELD,STBFORM,STBGROUP,STBInstance,STBITEM,STBPAGE,STBGRIDROW,COUNTRY,COUNTRY2,COUNTRYNAME,STBDrillAlias,STBDrillRef,STBDrillTable
70021,0,,,411,S_FormValue,CL,1,1,EO1AAA,CLV202,ALL,EO,,,QADBDATA,1,T_CLDAOUT_300916_CORE_CAD
70021,0,,,412,S_FormValue,CL,1,1,EO1AAB,CLV202,ALL,EO,,,QADBDATA,2,T_CLDAOUT_300916_CORE_CAD
70021,0,,,413,S_FormValue,CL,1,1,EO1AAC,CLV202,ALL,EO,,,QADBDATA,3,T_CLDAOUT_300916_CORE_CAD
70021,0,,,881,S_FormValue,CL,1,1,EO1ABB,CLV203,ALL,EO,,,QADBDATA,4,T_CLDAOUT_300916_CORE_CAD
70021,0,,,443,S_FormValue,CL,1,1,EO1ABC,CLV203,ALL,EO,,,QADBDATA,5,T_CLDAOUT_300916_CORE_CAD
70021,0,,,470,S_FormValue,CL,1,1,EO1ADC,CLV204,ALL,EO,,,QADBDATA,6,T_CLDAOUT_300916_CORE_CAD
70021,0,,,497,S_FormValue,CL,1,1,EO1AEC,CLV205,ALL,EO,,,QADBDATA,7,T_CLDAOUT_300916_CORE_CAD
70021,0,,,521,S_FormValue,CL,1,1,EO1ALC,CLV206,ALL,EO,,,QADBDATA,8,T_CLDAOUT_300916_CORE_CAD
70021,0,,,545,S_FormValue,CL,1,1,EO1AMC,CLV207,ALL,EO,,,QADBDATA,9,T_CLDAOUT_300916_CORE_CAD
70021,0,,,414,S_FormValue,CL,1,1,EO1BAD,CLV202,ALL,EO,,,QADBDATA,10,T_CLDAOUT_300916_CORE_CAD
70021,0,,,415,S_FormValue,CL,1,1,EO1BAE,CLV202,ALL,EO,,,QADBDATA,11,T_CLDAOUT_300916_CORE_CAD
70021,0,,,416,S_FormValue,CL,1,1,EO1BAF,CLV202,ALL,EO,,,QADBDATA,12,T_CLDAOUT_300916_CORE_CAD
70021,0,,,418,S_FormValue,CL,1,1,EO1BAG,CLV202,ALL,EO,,,QADBDATA,13,T_CLDAOUT_300916_CORE_CAD
70021,0,,,419,S_FormValue,CL,1,1,EO1BAH,CLV202,ALL,EO,,,QADBDATA,14,T_CLDAOUT_300916_CORE_CAD
70021,0,,,444,S_FormValue,CL,1,1,EO1BBD,CLV203,ALL,EO,,,QADBDATA,15,T_CLDAOUT_300916_CORE_CAD
70021,0,,,445,S_FormValue,CL,1,1,EO1BBE,CLV203,ALL,EO,,,QADBDATA,16,T_CLDAOUT_300916_CORE_CAD
70021,0,,,446,S_FormValue,CL,1,1,EO1BBF,CLV203,ALL,EO,,,QADBDATA,17,T_CLDAOUT_300916_CORE_CAD
70021,0,,,447,S_FormValue,CL,1,1,EO1BBG,CLV203,ALL,EO,,,QADBDATA,18,T_CLDAOUT_300916_CORE_CAD
70021,0,,,448,S_FormValue,CL,1,1,EO1BBH,CLV203,ALL,EO,,,QADBDATA,19,T_CLDAOUT_300916_CORE_CAD
70021,0,,,471,S_FormValue,CL,1,1,EO1BDD,CLV204,ALL,EO,,,QADBDATA,20,T_CLDAOUT_300916_CORE_CAD
70021,0,,,473,S_FormValue,CL,1,1,EO1BDE,CLV204,ALL,EO,,,QADBDATA,21,T_CLDAOUT_300916_CORE_CAD
70021,0,,,476,S_FormValue,CL,1,1,EO1BDF,CLV204,ALL,EO,,,QADBDATA,22,T_CLDAOUT_300916_CORE_CAD
70021,0,,,477,S_FormValue,CL,1,1,EO1BDG,CLV204,ALL,EO,,,QADBDATA,23,T_CLDAOUT_300916_CORE_CAD
70021,0,,,478,S_FormValue,CL,1,1,EO1BDH,CLV204,ALL,EO,,,QADBDATA,24,T_CLDAOUT_300916_CORE_CAD
70021,0,,,498,S_FormValue,CL,1,1,EO1BED,CLV205,ALL,EO,,,QADBDATA,25,T_CLDAOUT_300916_CORE_CAD
70021,0,,,499,S_FormValue,CL,1,1,EO1BEE,CLV205,ALL,EO,,,QADBDATA,26,T_CLDAOUT_300916_CORE_CAD
70021,0,,,500,S_FormValue,CL,1,1,EO1BEF,CLV205,ALL,EO,,,QADBDATA,27,T_CLDAOUT_300916_CORE_CAD
70021,0,,,501,S_FormValue,CL,1,1,EO1BEG,CLV205,ALL,EO,,,QADBDATA,28,T_CLDAOUT_300916_CORE_CAD
70021,0,,,502,S_FormValue,CL,1,1,EO1BEH,CLV205,ALL,EO,,,QADBDATA,29,T_CLDAOUT_300916_CORE_CAD
70021,0,,,522,S_FormValue,CL,1,1,EO1BLD,CLV206,ALL,EO,,,QADBDATA,30,T_CLDAOUT_300916_CORE_CAD
70021,0,,,523,S_FormValue,CL,1,1,EO1BLE,CLV206,ALL,EO,,,QADBDATA,31,T_CLDAOUT_300916_CORE_CAD
70021,0,,,524,S_FormValue,CL,1,1,EO1BLF,CLV206,ALL,EO,,,QADBDATA,32,T_CLDAOUT_300916_CORE_CAD
70021,0,,,525,S_FormValue,CL,1,1,EO1BLG,CLV206,ALL,EO,,,QADBDATA,33,T_CLDAOUT_300916_CORE_CAD
70021,0,,,526,S_FormValue,CL,1,1,EO1BLH,CLV206,ALL,EO,,,QADBDATA,34,T_CLDAOUT_300916_CORE_CAD
70021,0,,,546,S_FormValue,CL,1,1,EO1BMD,CLV207,ALL,EO,,,QADBDATA,35,T_CLDAOUT_300916_CORE_CAD
70021,0,,,547,S_FormValue,CL,1,1,EO1BME,CLV207,ALL,EO,,,QADBDATA,36,T_CLDAOUT_300916_CORE_CAD
70021,0,,,548,S_FormValue,CL,1,1,EO1BMF,CLV207,ALL,EO,,,QADBDATA,37,T_CLDAOUT_300916_CORE_CAD
70021,0,,,549,S_FormValue,CL,1,1,EO1BMG,CLV207,ALL,EO,,,QADBDATA,38,T_CLDAOUT_300916_CORE_CAD
70021,0,,,550,S_FormValue,CL,1,1,EO1BMH,CLV207,ALL,EO,,,QADBDATA,39,T_CLDAOUT_300916_CORE_CAD
70021,0,,,569,S_FormValue,CL,1,1,EO2,CLV208,ALL,EO,,,QADBDATA,40,T_CLDAOUT_300916_CORE_CAD
70021,0,,,570,S_FormValue,CL,1,1,EO3,CLV208,ALL,EO,,,QADBDATA,41,T_CLDAOUT_300916_CORE_CAD
70021,0,,,571,S_FormValue,CL,1,1,EO4,CLV208,ALL,EO,,,QADBDATA,42,T_CLDAOUT_300916_CORE_CAD
70021,0,,,572,S_FormValue,CL,1,1,EO5,CLV208,ALL,EO,,,QADBDATA,43,T_CLDAOUT_300916_CORE_CAD
70021,0,,,567,S_FormValue,CL,1,1,EOA1,CLV208,ALL,EO,,,QADBDATA,44,T_CLDAOUT_300916_CORE_CAD
70021,0,,,568,S_FormValue,CL,1,1,EOA2,CLV208,ALL,EO,,,QADBDATA,45,T_CLDAOUT_300916_CORE_CAD
70021,0,,,420,S_FormValue,CL,1,1,OO1AAA,CLV202,ALL,OO,,,QADBDATA,46,T_CLDAOUT_300916_CORE_CAD
70021,0,,,422,S_FormValue,CL,1,1,OO1AAB,CLV202,ALL,OO,,,QADBDATA,47,T_CLDAOUT_300916_CORE_CAD
70021,0,,,423,S_FormValue,CL,1,1,OO1AAC,CLV202,ALL,OO,,,QADBDATA,48,T_CLDAOUT_300916_CORE_CAD
70021,0,,,899,S_FormValue,CL,1,1,OO1ABB,CLV203,ALL,OO,,,QADBDATA,49,T_CLDAOUT_300916_CORE_CAD
70021,0,,,452,S_FormValue,CL,1,1,OO1ABC,CLV203,ALL,OO,,,QADBDATA,50,T_CLDAOUT_300916_CORE_CAD
70021,0,,,481,S_FormValue,CL,1,1,OO1ADC,CLV204,ALL,OO,,,QADBDATA,51,T_CLDAOUT_300916_CORE_CAD
70021,0,,,505,S_FormValue,CL,1,1,OO1AEC,CLV205,ALL,OO,,,QADBDATA,52,T_CLDAOUT_300916_CORE_CAD
70021,0,,,529,S_FormValue,CL,1,1,OO1ALC,CLV206,ALL,OO,,,QADBDATA,53,T_CLDAOUT_300916_CORE_CAD
70021,0,,,553,S_FormValue,CL,1,1,OO1AMC,CLV207,ALL,OO,,,QADBDATA,54,T_CLDAOUT_300916_CORE_CAD
70021,0,,,424,S_FormValue,CL,1,1,OO1BAD,CLV202,ALL,OO,,,QADBDATA,55,T_CLDAOUT_300916_CORE_CAD
70021,0,,,425,S_FormValue,CL,1,1,OO1BAE,CLV202,ALL,OO,,,QADBDATA,56,T_CLDAOUT_300916_CORE_CAD
70021,0,,,426,S_FormValue,CL,1,1,OO1BAF,CLV202,ALL,OO,,,QADBDATA,57,T_CLDAOUT_300916_CORE_CAD
70021,0,,,427,S_FormValue,CL,1,1,OO1BAG,CLV202,ALL,OO,,,QADBDATA,58,T_CLDAOUT_300916_CORE_CAD
70021,0,,,428,S_FormValue,CL,1,1,OO1BAH,CLV202,ALL,OO,,,QADBDATA,59,T_CLDAOUT_300916_CORE_CAD
70021,0,,,453,S_FormValue,CL,1,1,OO1BBD,CLV203,ALL,OO,,,QADBDATA,60,T_CLDAOUT_300916_CORE_CAD
70021,0,,,454,S_FormValue,CL,1,1,OO1BBE,CLV203,ALL,OO,,,QADBDATA,61,T_CLDAOUT_300916_CORE_CAD
70021,0,,,456,S_FormValue,CL,1,1,OO1BBF,CLV203,ALL,OO,,,QADBDATA,62,T_CLDAOUT_300916_CORE_CAD
70021,0,,,457,S_FormValue,CL,1,1,OO1BBG,CLV203,ALL,OO,,,QADBDATA,63,T_CLDAOUT_300916_CORE_CAD
70021,0,,,458,S_FormValue,CL,1,1,OO1BBH,CLV203,ALL,OO,,,QADBDATA,64,T_CLDAOUT_300916_CORE_CAD
70021,0,,,482,S_FormValue,CL,1,1,OO1BDD,CLV204,ALL,OO,,,QADBDATA,65,T_CLDAOUT_300916_CORE_CAD
70021,0,,,483,S_FormValue,CL,1,1,OO1BDE,CLV204,ALL,OO,,,QADBDATA,66,T_CLDAOUT_300916_CORE_CAD
70021,0,,,484,S_FormValue,CL,1,1,OO1BDF,CLV204,ALL,OO,,,QADBDATA,67,T_CLDAOUT_300916_CORE_CAD
70021,0,,,485,S_FormValue,CL,1,1,OO1BDG,CLV204,ALL,OO,,,QADBDATA,68,T_CLDAOUT_300916_CORE_CAD
70021,0,,,486,S_FormValue,CL,1,1,OO1BDH,CLV204,ALL,OO,,,QADBDATA,69,T_CLDAOUT_300916_CORE_CAD
70021,0,,,506,S_FormValue,CL,1,1,OO1BED,CLV205,ALL,OO,,,QADBDATA,70,T_CLDAOUT_300916_CORE_CAD
70021,0,,,507,S_FormValue,CL,1,1,OO1BEE,CLV205,ALL,OO,,,QADBDATA,71,T_CLDAOUT_300916_CORE_CAD
70021,0,,,508,S_FormValue,CL,1,1,OO1BEF,CLV205,ALL,OO,,,QADBDATA,72,T_CLDAOUT_300916_CORE_CAD
70021,0,,,509,S_FormValue,CL,1,1,OO1BEG,CLV205,ALL,OO,,,QADBDATA,73,T_CLDAOUT_300916_CORE_CAD
70021,0,,,510,S_FormValue,CL,1,1,OO1BEH,CLV205,ALL,OO,,,QADBDATA,74,T_CLDAOUT_300916_CORE_CAD
70021,0,,,530,S_FormValue,CL,1,1,OO1BLD,CLV206,ALL,OO,,,QADBDATA,75,T_CLDAOUT_300916_CORE_CAD
70021,0,,,531,S_FormValue,CL,1,1,OO1BLE,CLV206,ALL,OO,,,QADBDATA,76,T_CLDAOUT_300916_CORE_CAD
70021,0,,,532,S_FormValue,CL,1,1,OO1BLF,CLV206,ALL,OO,,,QADBDATA,77,T_CLDAOUT_300916_CORE_CAD
70021,0,,,533,S_FormValue,CL,1,1,OO1BLG,CLV206,ALL,OO,,,QADBDATA,78,T_CLDAOUT_300916_CORE_CAD
70021,0,,,534,S_FormValue,CL,1,1,OO1BLH,CLV206,ALL,OO,,,QADBDATA,79,T_CLDAOUT_300916_CORE_CAD
70021,0,,,554,S_FormValue,CL,1,1,OO1BMD,CLV207,ALL,OO,,,QADBDATA,80,T_CLDAOUT_300916_CORE_CAD
70021,0,,,555,S_FormValue,CL,1,1,OO1BME,CLV207,ALL,OO,,,QADBDATA,81,T_CLDAOUT_300916_CORE_CAD
70021,0,,,556,S_FormValue,CL,1,1,OO1BMF,CLV207,ALL,OO,,,QADBDATA,82,T_CLDAOUT_300916_CORE_CAD
70021,0,,,557,S_FormValue,CL,1,1,OO1BMG,CLV207,ALL,OO,,,QADBDATA,83,T_CLDAOUT_300916_CORE_CAD
70021,0,,,558,S_FormValue,CL,1,1,OO1BMH,CLV207,ALL,OO,,,QADBDATA,84,T_CLDAOUT_300916_CORE_CAD
70021,0,,,575,S_FormValue,CL,1,1,OO2,CLV208,ALL,OO,,,QADBDATA,85,T_CLDAOUT_300916_CORE_CAD
70021,0,,,576,S_FormValue,CL,1,1,OO3,CLV208,ALL,OO,,,QADBDATA,86,T_CLDAOUT_300916_CORE_CAD
70021,0,,,577,S_FormValue,CL,1,1,OO4,CLV208,ALL,OO,,,QADBDATA,87,T_CLDAOUT_300916_CORE_CAD
70021,0,,,578,S_FormValue,CL,1,1,OO5,CLV208,ALL,OO,,,QADBDATA,88,T_CLDAOUT_300916_CORE_CAD
70021,0,,,573,S_FormValue,CL,1,1,OOA1,CLV208,ALL,OO,,,QADBDATA,89,T_CLDAOUT_300916_CORE_CAD
70021,0,,,574,S_FormValue,CL,1,1,OOA2,CLV208,ALL,OO,,,QADBDATA,90,T_CLDAOUT_300916_CORE_CAD
70021,0,,,429,S_FormValue,CL,1,1,UC1AAA,CLV202,ALL,U9,,,QADBDATA,91,T_CLDAOUT_300916_CORE_CAD
70021,0,,,430,S_FormValue,CL,1,1,UC1AAB,CLV202,ALL,U9,,,QADBDATA,92,T_CLDAOUT_300916_CORE_CAD
70021,0,,,431,S_FormValue,CL,1,1,UC1AAC,CLV202,ALL,U9,,,QADBDATA,93,T_CLDAOUT_300916_CORE_CAD
70021,0,,,919,S_FormValue,CL,1,1,UC1ABB,CLV203,ALL,U9,,,QADBDATA,94,T_CLDAOUT_300916_CORE_CAD
70021,0,,,461,S_FormValue,CL,1,1,UC1ABC,CLV203,ALL,U9,,,QADBDATA,95,T_CLDAOUT_300916_CORE_CAD
70021,0,,,489,S_FormValue,CL,1,1,UC1ADC,CLV204,ALL,U9,,,QADBDATA,96,T_CLDAOUT_300916_CORE_CAD
70021,0,,,513,S_FormValue,CL,1,1,UC1AEC,CLV205,ALL,U9,,,QADBDATA,97,T_CLDAOUT_300916_CORE_CAD
70021,0,,,537,S_FormValue,CL,1,1,UC1ALC,CLV206,ALL,U9,,,QADBDATA,98,T_CLDAOUT_300916_CORE_CAD
70021,0,,,561,S_FormValue,CL,1,1,UC1AMC,CLV207,ALL,U9,,,QADBDATA,99,T_CLDAOUT_300916_CORE_CAD
70021,0,,,432,S_FormValue,CL,1,1,UC1BAD,CLV202,ALL,U9,,,QADBDATA,100,T_CLDAOUT_300916_CORE_CAD
70021,0,,,434,S_FormValue,CL,1,1,UC1BAE,CLV202,ALL,U9,,,QADBDATA,101,T_CLDAOUT_300916_CORE_CAD
70021,0,,,435,S_FormValue,CL,1,1,UC1BAF,CLV202,ALL,U9,,,QADBDATA,102,T_CLDAOUT_300916_CORE_CAD
70021,0,,,436,S_FormValue,CL,1,1,UC1BAG,CLV202,ALL,U9,,,QADBDATA,103,T_CLDAOUT_300916_CORE_CAD
70021,0,,,437,S_FormValue,CL,1,1,UC1BAH,CLV202,ALL,U9,,,QADBDATA,104,T_CLDAOUT_300916_CORE_CAD
70021,0,,,462,S_FormValue,CL,1,1,UC1BBD,CLV203,ALL,U9,,,QADBDATA,105,T_CLDAOUT_300916_CORE_CAD
70021,0,,,463,S_FormValue,CL,1,1,UC1BBE,CLV203,ALL,U9,,,QADBDATA,106,T_CLDAOUT_300916_CORE_CAD
70021,0,,,464,S_FormValue,CL,1,1,UC1BBF,CLV203,ALL,U9,,,QADBDATA,107,T_CLDAOUT_300916_CORE_CAD
70021,0,,,465,S_FormValue,CL,1,1,UC1BBG,CLV203,ALL,U9,,,QADBDATA,108,T_CLDAOUT_300916_CORE_CAD
70021,0,,,466,S_FormValue,CL,1,1,UC1BBH,CLV203,ALL,U9,,,QADBDATA,109,T_CLDAOUT_300916_CORE_CAD
70021,0,,,490,S_FormValue,CL,1,1,UC1BDD,CLV204,ALL,U9,,,QADBDATA,110,T_CLDAOUT_300916_CORE_CAD
70021,0,,,491,S_FormValue,CL,1,1,UC1BDE,CLV204,ALL,U9,,,QADBDATA,111,T_CLDAOUT_300916_CORE_CAD
70021,0,,,492,S_FormValue,CL,1,1,UC1BDF,CLV204,ALL,U9,,,QADBDATA,112,T_CLDAOUT_300916_CORE_CAD
70021,0,,,493,S_FormValue,CL,1,1,UC1BDG,CLV204,ALL,U9,,,QADBDATA,113,T_CLDAOUT_300916_CORE_CAD
70021,0,,,494,S_FormValue,CL,1,1,UC1BDH,CLV204,ALL,U9,,,QADBDATA,114,T_CLDAOUT_300916_CORE_CAD
70021,0,,,514,S_FormValue,CL,1,1,UC1BED,CLV205,ALL,U9,,,QADBDATA,115,T_CLDAOUT_300916_CORE_CAD
70021,0,,,515,S_FormValue,CL,1,1,UC1BEE,CLV205,ALL,U9,,,QADBDATA,116,T_CLDAOUT_300916_CORE_CAD
70021,0,,,516,S_FormValue,CL,1,1,UC1BEF,CLV205,ALL,U9,,,QADBDATA,117,T_CLDAOUT_300916_CORE_CAD
70021,0,,,517,S_FormValue,CL,1,1,UC1BEG,CLV205,ALL,U9,,,QADBDATA,118,T_CLDAOUT_300916_CORE_CAD
70021,0,,,518,S_FormValue,CL,1,1,UC1BEH,CLV205,ALL,U9,,,QADBDATA,119,T_CLDAOUT_300916_CORE_CAD
70021,0,,,538,S_FormValue,CL,1,1,UC1BLD,CLV206,ALL,U9,,,QADBDATA,120,T_CLDAOUT_300916_CORE_CAD
70021,0,,,539,S_FormValue,CL,1,1,UC1BLE,CLV206,ALL,U9,,,QADBDATA,121,T_CLDAOUT_300916_CORE_CAD
70021,0,,,540,S_FormValue,CL,1,1,UC1BLF,CLV206,ALL,U9,,,QADBDATA,122,T_CLDAOUT_300916_CORE_CAD
70021,0,,,541,S_FormValue,CL,1,1,UC1BLG,CLV206,ALL,U9,,,QADBDATA,123,T_CLDAOUT_300916_CORE_CAD
70021,0,,,542,S_FormValue,CL,1,1,UC1BLH,CLV206,ALL,U9,,,QADBDATA,124,T_CLDAOUT_300916_CORE_CAD
70021,0,,,562,S_FormValue,CL,1,1,UC1BMD,CLV207,ALL,U9,,,QADBDATA,125,T_CLDAOUT_300916_CORE_CAD
70021,0,,,563,S_FormValue,CL,1,1,UC1BME,CLV207,ALL,U9,,,QADBDATA,126,T_CLDAOUT_300916_CORE_CAD
70021,0,,,564,S_FormValue,CL,1,1,UC1BMF,CLV207,ALL,U9,,,QADBDATA,127,T_CLDAOUT_300916_CORE_CAD
70021,0,,,565,S_FormValue,CL,1,1,UC1BMG,CLV207,ALL,U9,,,QADBDATA,128,T_CLDAOUT_300916_CORE_CAD
70021,0,,,566,S_FormValue,CL,1,1,UC1BMH,CLV207,ALL,U9,,,QADBDATA,129,T_CLDAOUT_300916_CORE_CAD
70021,0,,,581,S_FormValue,CL,1,1,UC2,CLV208,ALL,U9,,,QADBDATA,130,T_CLDAOUT_300916_CORE_CAD
70021,0,,,582,S_FormValue,CL,1,1,UC3,CLV208,ALL,U9,,,QADBDATA,131,T_CLDAOUT_300916_CORE_CAD
70021,0,,,583,S_FormValue,CL,1,1,UC4,CLV208,ALL,U9,,,QADBDATA,132,T_CLDAOUT_300916_CORE_CAD
70021,0,,,584,S_FormValue,CL,1,1,UC5,CLV208,ALL,U9,,,QADBDATA,133,T_CLDAOUT_300916_CORE_CAD
70021,0,,,579,S_FormValue,CL,1,1,UCA1,CLV208,ALL,U9,,,QADBDATA,134,T_CLDAOUT_300916_CORE_CAD
70021,0,,,580,S_FormValue,CL,1,1,UCA2,CLV208,ALL,U9,,,QADBDATA,135,T_CLDAOUT_300916_CORE_CAD
70021,0,,,590,S_FormValue,CL,1,1,CL1,CLV2GRD,GUERNSEY,GUER,GG,GUERNSEY,QADBDATA,136,T_CLDAOUT_300916_CORE_CAD
70021,0,,,601,S_FormValue,CL,1,1,CL1AB,CLV2GRD,GUERNSEY,GUER,GG,GUERNSEY,QADBDATA,137,T_CLDAOUT_300916_CORE_CAD
70021,0,,,23,S_FormValue,CL,1,1,CL1ABA,CLV2GRD,GUERNSEY,GUER,GG,GUERNSEY,QADBDATA,138,T_CLDAOUT_300916_CORE_CAD
70021,0,,,612,S_FormValue,CL,1,1,CL1ADA,CLV2GRD,GUERNSEY,GUER,GG,GUERNSEY,QADBDATA,139,T_CLDAOUT_300916_CORE_CAD
70021,0,,,624,S_FormValue,CL,1,1,CL1AEC,CLV2GRD,GUERNSEY,GUER,GG,GUERNSEY,QADBDATA,140,T_CLDAOUT_300916_CORE_CAD
70021,0,,,641,S_FormValue,CL,1,1,CL1AM,CLV2GRD,GUERNSEY,GUER,GG,GUERNSEY,QADBDATA,141,T_CLDAOUT_300916_CORE_CAD
70021,0,,,63,S_FormValue,CL,1,1,CL1AMA,CLV2GRD,GUERNSEY,GUER,GG,GUERNSEY,QADBDATA,142,T_CLDAOUT_300916_CORE_CAD
70021,0,,,595,S_FormValue,CL,1,1,CL1BA,CLV2GRD,GUERNSEY,GUER,GG,GUERNSEY,QADBDATA,143,T_CLDAOUT_300916_CORE_CAD
70021,0,,,17,S_FormValue,CL,1,1,CL1BAD,CLV2GRD,GUERNSEY,GUER,GG,GUERNSEY,QADBDATA,144,T_CLDAOUT_300916_CORE_CAD
70021,0,,,607,S_FormValue,CL,1,1,CL1BBE,CLV2GRD,GUERNSEY,GUER,GG,GUERNSEY,QADBDATA,145,T_CLDAOUT_300916_CORE_CAD
70021,0,,,29,S_FormValue,CL,1,1,CL1BBF,CLV2GRD,GUERNSEY,GUER,GG,GUERNSEY,QADBDATA,146,T_CLDAOUT_300916_CORE_CAD
70021,0,,,618,S_FormValue,CL,1,1,CL1BDF,CLV2GRD,GUERNSEY,GUER,GG,GUERNSEY,QADBDATA,147,T_CLDAOUT_300916_CORE_CAD
70021,0,,,40,S_FormValue,CL,1,1,CL1BDG,CLV2GRD,GUERNSEY,GUER,GG,GUERNSEY,QADBDATA,148,T_CLDAOUT_300916_CORE_CAD
70021,0,,,629,S_FormValue,CL,1,1,CL1BEG,CLV2GRD,GUERNSEY,GUER,GG,GUERNSEY,QADBDATA,149,T_CLDAOUT_300916_CORE_CAD
70021,0,,,51,S_FormValue,CL,1,1,CL1BEH,CLV2GRD,GUERNSEY,GUER,GG,GUERNSEY,QADBDATA,150,T_CLDAOUT_300916_CORE_CAD
70021,0,,,635,S_FormValue,CL,1,1,CL1BL,CLV2GRD,GUERNSEY,GUER,GG,GUERNSEY,QADBDATA,151,T_CLDAOUT_300916_CORE_CAD
70021,0,,,57,S_FormValue,CL,1,1,CL1BLD,CLV2GRD,GUERNSEY,GUER,GG,GUERNSEY,QADBDATA,152,T_CLDAOUT_300916_CORE_CAD
70021,0,,,646,S_FormValue,CL,1,1,CL1BMD,CLV2GRD,GUERNSEY,GUER,GG,GUERNSEY,QADBDATA,153,T_CLDAOUT_300916_CORE_CAD
70021,0,,,68,S_FormValue,CL,1,1,CL1BME,CLV2GRD,GUERNSEY,GUER,GG,GUERNSEY,QADBDATA,154,T_CLDAOUT_300916_CORE_CAD
70021,0,,,74,S_FormValue,CL,1,1,CL2,CLV2GRD,GUERNSEY,GUER,GG,GUERNSEY,QADBDATA,155,T_CLDAOUT_300916_CORE_CAD
70021,0,,,652,S_FormValue,CL,1,1,CLA2,CLV2GRD,GUERNSEY,GUER,GG,GUERNSEY,QADBDATA,156,T_CLDAOUT_300916_CORE_CAD
70021,0,,,604,S_FormValue,CL,1,1,CL1ABC,CLV2GRD,LEBANON,LEBA,LB,LEBANON,QADBDATA,157,T_CLDAOUT_300916_CORE_CAD
70021,0,,,621,S_FormValue,CL,1,1,CL1AE,CLV2GRD,LEBANON,LEBA,LB,LEBANON,QADBDATA,158,T_CLDAOUT_300916_CORE_CAD
70021,0,,,43,S_FormValue,CL,1,1,CL1AEA,CLV2GRD,LEBANON,LEBA,LB,LEBANON,QADBDATA,159,T_CLDAOUT_300916_CORE_CAD
70021,0,,,632,S_FormValue,CL,1,1,CL1ALA,CLV2GRD,LEBANON,LEBA,LB,LEBANON,QADBDATA,160,T_CLDAOUT_300916_CORE_CAD
70021,0,,,598,S_FormValue,CL,1,1,CL1BAF,CLV2GRD,LEBANON,LEBA,LB,LEBANON,QADBDATA,161,T_CLDAOUT_300916_CORE_CAD
70021,0,,,20,S_FormValue,CL,1,1,CL1BAG,CLV2GRD,LEBANON,LEBA,LB,LEBANON,QADBDATA,162,T_CLDAOUT_300916_CORE_CAD
70021,0,,,615,S_FormValue,CL,1,1,CL1BD,CLV2GRD,LEBANON,LEBA,LB,LEBANON,QADBDATA,163,T_CLDAOUT_300916_CORE_CAD
70021,0,,,37,S_FormValue,CL,1,1,CL1BDD,CLV2GRD,LEBANON,LEBA,LB,LEBANON,QADBDATA,164,T_CLDAOUT_300916_CORE_CAD
70021,0,,,638,S_FormValue,CL,1,1,CL1BLF,CLV2GRD,LEBANON,LEBA,LB,LEBANON,QADBDATA,165,T_CLDAOUT_300916_CORE_CAD
70021,0,,,60,S_FormValue,CL,1,1,CL1BLG,CLV2GRD,LEBANON,LEBA,LB,LEBANON,QADBDATA,166,T_CLDAOUT_300916_CORE_CAD
70021,0,,,649,S_FormValue,CL,1,1,CL1BMG,CLV2GRD,LEBANON,LEBA,LB,LEBANON,QADBDATA,167,T_CLDAOUT_300916_CORE_CAD
70021,0,,,71,S_FormValue,CL,1,1,CL1BMH,CLV2GRD,LEBANON,LEBA,LB,LEBANON,QADBDATA,168,T_CLDAOUT_300916_CORE_CAD
70021,0,,,655,S_FormValue,CL,1,1,CL4,CLV2GRD,LEBANON,LEBA,LB,LEBANON,QADBDATA,169,T_CLDAOUT_300916_CORE_CAD
70021,0,,,77,S_FormValue,CL,1,1,CL5,CLV2GRD,LEBANON,LEBA,LB,LEBANON,QADBDATA,170,T_CLDAOUT_300916_CORE_CAD
70021,0,,,591,S_FormValue,CL,1,1,CL1AA,CLV2GRD,LIECHTENSTEIN,LICH,LI,LIECHTENSTEIN,QADBDATA,171,T_CLDAOUT_300916_CORE_CAD
70021,0,,,13,S_FormValue,CL,1,1,CL1AAA,CLV2GRD,LIECHTENSTEIN,LICH,LI,LIECHTENSTEIN,QADBDATA,172,T_CLDAOUT_300916_CORE_CAD
70021,0,,,602,S_FormValue,CL,1,1,CL1ABA,CLV2GRD,LIECHTENSTEIN,LICH,LI,LIECHTENSTEIN,QADBDATA,173,T_CLDAOUT_300916_CORE_CAD
70021,0,,,24,S_FormValue,CL,1,1,CL1ABB,CLV2GRD,LIECHTENSTEIN,LICH,LI,LIECHTENSTEIN,QADBDATA,174,T_CLDAOUT_300916_CORE_CAD
70021,0,,,35,S_FormValue,CL,1,1,CL1ADC,CLV2GRD,LIECHTENSTEIN,LICH,LI,LIECHTENSTEIN,QADBDATA,175,T_CLDAOUT_300916_CORE_CAD
70021,0,,,642,S_FormValue,CL,1,1,CL1AMA,CLV2GRD,LIECHTENSTEIN,LICH,LI,LIECHTENSTEIN,QADBDATA,176,T_CLDAOUT_300916_CORE_CAD
70021,0,,,596,S_FormValue,CL,1,1,CL1BAD,CLV2GRD,LIECHTENSTEIN,LICH,LI,LIECHTENSTEIN,QADBDATA,177,T_CLDAOUT_300916_CORE_CAD
70021,0,,,18,S_FormValue,CL,1,1,CL1BAE,CLV2GRD,LIECHTENSTEIN,LICH,LI,LIECHTENSTEIN,QADBDATA,178,T_CLDAOUT_300916_CORE_CAD
70021,0,,,608,S_FormValue,CL,1,1,CL1BBF,CLV2GRD,LIECHTENSTEIN,LICH,LI,LIECHTENSTEIN,QADBDATA,179,T_CLDAOUT_300916_CORE_CAD
70021,0,,,30,S_FormValue,CL,1,1,CL1BBG,CLV2GRD,LIECHTENSTEIN,LICH,LI,LIECHTENSTEIN,QADBDATA,180,T_CLDAOUT_300916_CORE_CAD
70021,0,,,619,S_FormValue,CL,1,1,CL1BDG,CLV2GRD,LIECHTENSTEIN,LICH,LI,LIECHTENSTEIN,QADBDATA,181,T_CLDAOUT_300916_CORE_CAD
70021,0,,,41,S_FormValue,CL,1,1,CL1BDH,CLV2GRD,LIECHTENSTEIN,LICH,LI,LIECHTENSTEIN,QADBDATA,182,T_CLDAOUT_300916_CORE_CAD
70021,0,,,625,S_FormValue,CL,1,1,CL1BE,CLV2GRD,LIECHTENSTEIN,LICH,LI,LIECHTENSTEIN,QADBDATA,183,T_CLDAOUT_300916_CORE_CAD
70021,0,,,47,S_FormValue,CL,1,1,CL1BED,CLV2GRD,LIECHTENSTEIN,LICH,LI,LIECHTENSTEIN,QADBDATA,184,T_CLDAOUT_300916_CORE_CAD
70021,0,,,630,S_FormValue,CL,1,1,CL1BEH,CLV2GRD,LIECHTENSTEIN,LICH,LI,LIECHTENSTEIN,QADBDATA,185,T_CLDAOUT_300916_CORE_CAD
70021,0,,,636,S_FormValue,CL,1,1,CL1BLD,CLV2GRD,LIECHTENSTEIN,LICH,LI,LIECHTENSTEIN,QADBDATA,186,T_CLDAOUT_300916_CORE_CAD
70021,0,,,58,S_FormValue,CL,1,1,CL1BLE,CLV2GRD,LIECHTENSTEIN,LICH,LI,LIECHTENSTEIN,QADBDATA,187,T_CLDAOUT_300916_CORE_CAD
70021,0,,,647,S_FormValue,CL,1,1,CL1BME,CLV2GRD,LIECHTENSTEIN,LICH,LI,LIECHTENSTEIN,QADBDATA,188,T_CLDAOUT_300916_CORE_CAD
70021,0,,,69,S_FormValue,CL,1,1,CL1BMF,CLV2GRD,LIECHTENSTEIN,LICH,LI,LIECHTENSTEIN,QADBDATA,189,T_CLDAOUT_300916_CORE_CAD
70021,0,,,653,S_FormValue,CL,1,1,CL2,CLV2GRD,LIECHTENSTEIN,LICH,LI,LIECHTENSTEIN,QADBDATA,190,T_CLDAOUT_300916_CORE_CAD
70021,0,,,75,S_FormValue,CL,1,1,CL3,CLV2GRD,LIECHTENSTEIN,LICH,LI,LIECHTENSTEIN,QADBDATA,191,T_CLDAOUT_300916_CORE_CAD
70021,0,,,585,S_FormValue,CL,1,1,SC1P1,CLV209,ALL,LICH,LI,LIECHTENSTEIN,QADBDATA,192,T_CLDAOUT_300916_CORE_CAD
70021,0,,,592,S_FormValue,CL,1,1,CL1AAA,CLV2GRD,MEXICO,MEXI,MX,MEXICO,QADBDATA,193,T_CLDAOUT_300916_CORE_CAD
70021,0,,,14,S_FormValue,CL,1,1,CL1AAB,CLV2GRD,MEXICO,MEXI,MX,MEXICO,QADBDATA,194,T_CLDAOUT_300916_CORE_CAD
70021,0,,,603,S_FormValue,CL,1,1,CL1ABB,CLV2GRD,MEXICO,MEXI,MX,MEXICO,QADBDATA,195,T_CLDAOUT_300916_CORE_CAD
70021,0,,,25,S_FormValue,CL,1,1,CL1ABC,CLV2GRD,MEXICO,MEXI,MX,MEXICO,QADBDATA,196,T_CLDAOUT_300916_CORE_CAD
70021,0,,,614,S_FormValue,CL,1,1,CL1ADC,CLV2GRD,MEXICO,MEXI,MX,MEXICO,QADBDATA,197,T_CLDAOUT_300916_CORE_CAD
70021,0,,,631,S_FormValue,CL,1,1,CL1AL,CLV2GRD,MEXICO,MEXI,MX,MEXICO,QADBDATA,198,T_CLDAOUT_300916_CORE_CAD
70021,0,,,53,S_FormValue,CL,1,1,CL1ALA,CLV2GRD,MEXICO,MEXI,MX,MEXICO,QADBDATA,199,T_CLDAOUT_300916_CORE_CAD
70021,0,,,65,S_FormValue,CL,1,1,CL1AMC,CLV2GRD,MEXICO,MEXI,MX,MEXICO,QADBDATA,200,T_CLDAOUT_300916_CORE_CAD
70021,0,,,597,S_FormValue,CL,1,1,CL1BAE,CLV2GRD,MEXICO,MEXI,MX,MEXICO,QADBDATA,201,T_CLDAOUT_300916_CORE_CAD
70021,0,,,19,S_FormValue,CL,1,1,CL1BAF,CLV2GRD,MEXICO,MEXI,MX,MEXICO,QADBDATA,202,T_CLDAOUT_300916_CORE_CAD
70021,0,,,609,S_FormValue,CL,1,1,CL1BBG,CLV2GRD,MEXICO,MEXI,MX,MEXICO,QADBDATA,203,T_CLDAOUT_300916_CORE_CAD
70021,0,,,31,S_FormValue,CL,1,1,CL1BBH,CLV2GRD,MEXICO,MEXI,MX,MEXICO,QADBDATA,204,T_CLDAOUT_300916_CORE_CAD
70021,0,,,620,S_FormValue,CL,1,1,CL1BDH,CLV2GRD,MEXICO,MEXI,MX,MEXICO,QADBDATA,205,T_CLDAOUT_300916_CORE_CAD
70021,0,,,626,S_FormValue,CL,1,1,CL1BED,CLV2GRD,MEXICO,MEXI,MX,MEXICO,QADBDATA,206,T_CLDAOUT_300916_CORE_CAD
70021,0,,,48,S_FormValue,CL,1,1,CL1BEE,CLV2GRD,MEXICO,MEXI,MX,MEXICO,QADBDATA,207,T_CLDAOUT_300916_CORE_CAD
70021,0,,,637,S_FormValue,CL,1,1,CL1BLE,CLV2GRD,MEXICO,MEXI,MX,MEXICO,QADBDATA,208,T_CLDAOUT_300916_CORE_CAD
70021,0,,,59,S_FormValue,CL,1,1,CL1BLF,CLV2GRD,MEXICO,MEXI,MX,MEXICO,QADBDATA,209,T_CLDAOUT_300916_CORE_CAD
70021,0,,,648,S_FormValue,CL,1,1,CL1BMF,CLV2GRD,MEXICO,MEXI,MX,MEXICO,QADBDATA,210,T_CLDAOUT_300916_CORE_CAD
70021,0,,,70,S_FormValue,CL,1,1,CL1BMG,CLV2GRD,MEXICO,MEXI,MX,MEXICO,QADBDATA,211,T_CLDAOUT_300916_CORE_CAD
70021,0,,,654,S_FormValue,CL,1,1,CL3,CLV2GRD,MEXICO,MEXI,MX,MEXICO,QADBDATA,212,T_CLDAOUT_300916_CORE_CAD
70021,0,,,76,S_FormValue,CL,1,1,CL4,CLV2GRD,MEXICO,MEXI,MX,MEXICO,QADBDATA,213,T_CLDAOUT_300916_CORE_CAD
70021,0,,,11,S_FormValue,CL,1,1,CL1,CLV2GRD,NORWAY,NORW,NO,NORWAY,QADBDATA,214,T_CLDAOUT_300916_CORE_CAD
70021,0,,,594,S_FormValue,CL,1,1,CL1AAC,CLV2GRD,NORWAY,NORW,NO,NORWAY,QADBDATA,215,T_CLDAOUT_300916_CORE_CAD
70021,0,,,611,S_FormValue,CL,1,1,CL1AD,CLV2GRD,NORWAY,NORW,NO,NORWAY,QADBDATA,216,T_CLDAOUT_300916_CORE_CAD
70021,0,,,33,S_FormValue,CL,1,1,CL1ADA,CLV2GRD,NORWAY,NORW,NO,NORWAY,QADBDATA,217,T_CLDAOUT_300916_CORE_CAD
70021,0,,,45,S_FormValue,CL,1,1,CL1AEC,CLV2GRD,NORWAY,NORW,NO,NORWAY,QADBDATA,218,T_CLDAOUT_300916_CORE_CAD
70021,0,,,634,S_FormValue,CL,1,1,CL1ALC,CLV2GRD,NORWAY,NORW,NO,NORWAY,QADBDATA,219,T_CLDAOUT_300916_CORE_CAD
70021,0,,,62,S_FormValue,CL,1,1,CL1AM,CLV2GRD,NORWAY,NORW,NO,NORWAY,QADBDATA,220,T_CLDAOUT_300916_CORE_CAD
70021,0,,,600,S_FormValue,CL,1,1,CL1BAH,CLV2GRD,NORWAY,NORW,NO,NORWAY,QADBDATA,221,T_CLDAOUT_300916_CORE_CAD
70021,0,,,606,S_FormValue,CL,1,1,CL1BBD,CLV2GRD,NORWAY,NORW,NO,NORWAY,QADBDATA,222,T_CLDAOUT_300916_CORE_CAD
70021,0,,,28,S_FormValue,CL,1,1,CL1BBE,CLV2GRD,NORWAY,NORW,NO,NORWAY,QADBDATA,223,T_CLDAOUT_300916_CORE_CAD
70021,0,,,617,S_FormValue,CL,1,1,CL1BDE,CLV2GRD,NORWAY,NORW,NO,NORWAY,QADBDATA,224,T_CLDAOUT_300916_CORE_CAD
70021,0,,,39,S_FormValue,CL,1,1,CL1BDF,CLV2GRD,NORWAY,NORW,NO,NORWAY,QADBDATA,225,T_CLDAOUT_300916_CORE_CAD
70021,0,,,628,S_FormValue,CL,1,1,CL1BEF,CLV2GRD,NORWAY,NORW,NO,NORWAY,QADBDATA,226,T_CLDAOUT_300916_CORE_CAD
70021,0,,,50,S_FormValue,CL,1,1,CL1BEG,CLV2GRD,NORWAY,NORW,NO,NORWAY,QADBDATA,227,T_CLDAOUT_300916_CORE_CAD
70021,0,,,640,S_FormValue,CL,1,1,CL1BLH,CLV2GRD,NORWAY,NORW,NO,NORWAY,QADBDATA,228,T_CLDAOUT_300916_CORE_CAD
70021,0,,,645,S_FormValue,CL,1,1,CL1BM,CLV2GRD,NORWAY,NORW,NO,NORWAY,QADBDATA,229,T_CLDAOUT_300916_CORE_CAD
70021,0,,,67,S_FormValue,CL,1,1,CL1BMD,CLV2GRD,NORWAY,NORW,NO,NORWAY,QADBDATA,230,T_CLDAOUT_300916_CORE_CAD
70021,0,,,651,S_FormValue,CL,1,1,CLA1,CLV2GRD,NORWAY,NORW,NO,NORWAY,QADBDATA,231,T_CLDAOUT_300916_CORE_CAD
70021,0,,,73,S_FormValue,CL,1,1,CLA2,CLV2GRD,NORWAY,NORW,NO,NORWAY,QADBDATA,232,T_CLDAOUT_300916_CORE_CAD
70021,0,,,593,S_FormValue,CL,1,1,CL1AAB,CLV2GRD,PANAMA,PANA,PA,PANAMA,QADBDATA,233,T_CLDAOUT_300916_CORE_CAD
70021,0,,,15,S_FormValue,CL,1,1,CL1AAC,CLV2GRD,PANAMA,PANA,PA,PANAMA,QADBDATA,234,T_CLDAOUT_300916_CORE_CAD
70021,0,,,622,S_FormValue,CL,1,1,CL1AEA,CLV2GRD,PANAMA,PANA,PA,PANAMA,QADBDATA,235,T_CLDAOUT_300916_CORE_CAD
70021,0,,,55,S_FormValue,CL,1,1,CL1ALC,CLV2GRD,PANAMA,PANA,PA,PANAMA,QADBDATA,236,T_CLDAOUT_300916_CORE_CAD
70021,0,,,644,S_FormValue,CL,1,1,CL1AMC,CLV2GRD,PANAMA,PANA,PA,PANAMA,QADBDATA,237,T_CLDAOUT_300916_CORE_CAD
70021,0,,,599,S_FormValue,CL,1,1,CL1BAG,CLV2GRD,PANAMA,PANA,PA,PANAMA,QADBDATA,238,T_CLDAOUT_300916_CORE_CAD
70021,0,,,21,S_FormValue,CL,1,1,CL1BAH,CLV2GRD,PANAMA,PANA,PA,PANAMA,QADBDATA,239,T_CLDAOUT_300916_CORE_CAD
70021,0,,,605,S_FormValue,CL,1,1,CL1BB,CLV2GRD,PANAMA,PANA,PA,PANAMA,QADBDATA,240,T_CLDAOUT_300916_CORE_CAD
70021,0,,,27,S_FormValue,CL,1,1,CL1BBD,CLV2GRD,PANAMA,PANA,PA,PANAMA,QADBDATA,241,T_CLDAOUT_300916_CORE_CAD
70021,0,,,610,S_FormValue,CL,1,1,CL1BBH,CLV2GRD,PANAMA,PANA,PA,PANAMA,QADBDATA,242,T_CLDAOUT_300916_CORE_CAD
70021,0,,,616,S_FormValue,CL,1,1,CL1BDD,CLV2GRD,PANAMA,PANA,PA,PANAMA,QADBDATA,243,T_CLDAOUT_300916_CORE_CAD
70021,0,,,38,S_FormValue,CL,1,1,CL1BDE,CLV2GRD,PANAMA,PANA,PA,PANAMA,QADBDATA,244,T_CLDAOUT_300916_CORE_CAD
70021,0,,,627,S_FormValue,CL,1,1,CL1BEE,CLV2GRD,PANAMA,PANA,PA,PANAMA,QADBDATA,245,T_CLDAOUT_300916_CORE_CAD
70021,0,,,49,S_FormValue,CL,1,1,CL1BEF,CLV2GRD,PANAMA,PANA,PA,PANAMA,QADBDATA,246,T_CLDAOUT_300916_CORE_CAD
70021,0,,,639,S_FormValue,CL,1,1,CL1BLG,CLV2GRD,PANAMA,PANA,PA,PANAMA,QADBDATA,247,T_CLDAOUT_300916_CORE_CAD
70021,0,,,61,S_FormValue,CL,1,1,CL1BLH,CLV2GRD,PANAMA,PANA,PA,PANAMA,QADBDATA,248,T_CLDAOUT_300916_CORE_CAD
70021,0,,,650,S_FormValue,CL,1,1,CL1BMH,CLV2GRD,PANAMA,PANA,PA,PANAMA,QADBDATA,249,T_CLDAOUT_300916_CORE_CAD
70021,0,,,656,S_FormValue,CL,1,1,CL5,CLV2GRD,PANAMA,PANA,PA,PANAMA,QADBDATA,250,T_CLDAOUT_300916_CORE_CAD
70021,0,,,72,S_FormValue,CL,1,1,CLA1,CLV2GRD,PANAMA,PANA,PA,PANAMA,QADBDATA,251,T_CLDAOUT_300916_CORE_CAD
70021,0,,,588,S_FormValue,CL,1,1,SC1P2,CLV209,ALL,PANA,PA,PANAMA,QADBDATA,252,T_CLDAOUT_300916_CORE_CAD
70021,0,,GG,7906000,S_FormAlphaValue,CL,1,1,COUNTRY2,CLV2GRD,GUERNSEY,GUER,GG,GUERNSEY,QADBDATA,253,T_CLDAOUT_300916_CORE_CAD
70021,0,,LB,5961000,S_FormAlphaValue,CL,1,1,COUNTRY2,CLV2GRD,LEBANON,LEBA,LB,LEBANON,QADBDATA,254,T_CLDAOUT_300916_CORE_CAD
70021,0,,LI,8521000,S_FormAlphaValue,CL,1,1,COUNTRY2,CLV2GRD,LIECHTENSTEIN,LICH,LI,LIECHTENSTEIN,QADBDATA,255,T_CLDAOUT_300916_CORE_CAD
70021,0,,MX,8520000,S_FormAlphaValue,CL,1,1,COUNTRY2,CLV2GRD,MEXICO,MEXI,MX,MEXICO,QADBDATA,256,T_CLDAOUT_300916_CORE_CAD
70021,0,,NO,7846000,S_FormAlphaValue,CL,1,1,COUNTRY2,CLV2GRD,NORWAY,NORW,NO,NORWAY,QADBDATA,257,T_CLDAOUT_300916_CORE_CAD
70021,0,,PA,8464000,S_FormAlphaValue,CL,1,1,COUNTRY2,CLV2GRD,PANAMA,PANA,PA,PANAMA,QADBDATA,258,T_CLDAOUT_300916_CORE_CAD
70021,,,TEST,,S_FormAlphaValue,CL,1,1,AUTHOFF,CLV200,,,,,QADBDATA,259,T_CLDAOUT_300916_CORE_CAD
70021,,,LOMBARDRISK COMPLIANCE QA TEAM,,S_FormAlphaValue,CL,1,1,CLIENT,CLV200,,,,,QADBDATA,260,T_CLDAOUT_300916_CORE_CAD
70021,,,QA,,S_FormAlphaValue,CL,1,1,CONTACT,CLV200,,,,,QADBDATA,261,T_CLDAOUT_300916_CORE_CAD
70021,,,2,,S_FormAlphaValue,CL,1,1,DD,CLV200,,,,,QADBDATA,262,T_CLDAOUT_300916_CORE_CAD
70021,,,lombard.risk@lombardrisk.com,,S_FormAlphaValue,CL,1,1,EMAIL,CLV200,,,,,QADBDATA,263,T_CLDAOUT_300916_CORE_CAD
70021,,,12,,S_FormAlphaValue,CL,1,1,MM,CLV200,,,,,QADBDATA,264,T_CLDAOUT_300916_CORE_CAD
70021,,,+86 021 11223344,,S_FormAlphaValue,CL,1,1,TELEPHONE,CLV200,,,,,QADBDATA,265,T_CLDAOUT_300916_CORE_CAD
70021,,,2015,,S_FormAlphaValue,CL,1,1,YYYY,CLV200,,,,,QADBDATA,266,T_CLDAOUT_300916_CORE_CAD
70021,,,,,S_FormAlphaValue,CL,1,1,VALTOLERANCE,CLV200,,,,,QADBDATA,267,T_CLDAOUT_300916_CORE_CAD
70021,,,TEST,,S_FormAlphaValue,CL,1,1,AUTHOFF,CLV200,,,,,QADBDATA,268,T_CLDAOUT_300916_CORE_CAD
70021,,,LOMBARDRISK COMPLIANCE QA TEAM,,S_FormAlphaValue,CL,1,1,CLIENT,CLV200,,,,,QADBDATA,269,T_CLDAOUT_300916_CORE_CAD
70021,,,QA,,S_FormAlphaValue,CL,1,1,CONTACT,CLV200,,,,,QADBDATA,270,T_CLDAOUT_300916_CORE_CAD
70021,,,2,,S_FormAlphaValue,CL,1,1,DD,CLV200,,,,,QADBDATA,271,T_CLDAOUT_300916_CORE_CAD
70021,,,lombard.risk@lombardrisk.com,,S_FormAlphaValue,CL,1,1,EMAIL,CLV200,,,,,QADBDATA,272,T_CLDAOUT_300916_CORE_CAD
70021,,,12,,S_FormAlphaValue,CL,1,1,MM,CLV200,,,,,QADBDATA,273,T_CLDAOUT_300916_CORE_CAD
70021,,,+86 021 11223344,,S_FormAlphaValue,CL,1,1,TELEPHONE,CLV200,,,,,QADBDATA,274,T_CLDAOUT_300916_CORE_CAD
70021,,,2015,,S_FormAlphaValue,CL,1,1,YYYY,CLV200,,,,,QADBDATA,275,T_CLDAOUT_300916_CORE_CAD
70021,,,,,S_FormAlphaValue,CL,1,1,VALTOLERANCE,CLV200,,,,,QADBDATA,276,T_CLDAOUT_300916_CORE_CAD
70021,,,TEST,,S_FormAlphaValue,CL,1,1,AUTHOFF,CLV200,,,,,QADBDATA,277,T_CLDAOUT_300916_CORE_CAD
70021,,,LOMBARDRISK COMPLIANCE QA TEAM,,S_FormAlphaValue,CL,1,1,CLIENT,CLV200,,,,,QADBDATA,278,T_CLDAOUT_300916_CORE_CAD
70021,,,QA,,S_FormAlphaValue,CL,1,1,CONTACT,CLV200,,,,,QADBDATA,279,T_CLDAOUT_300916_CORE_CAD
70021,,,2,,S_FormAlphaValue,CL,1,1,DD,CLV200,,,,,QADBDATA,280,T_CLDAOUT_300916_CORE_CAD
70021,,,lombard.risk@lombardrisk.com,,S_FormAlphaValue,CL,1,1,EMAIL,CLV200,,,,,QADBDATA,281,T_CLDAOUT_300916_CORE_CAD
70021,,,12,,S_FormAlphaValue,CL,1,1,MM,CLV200,,,,,QADBDATA,282,T_CLDAOUT_300916_CORE_CAD
70021,,,+86 021 11223344,,S_FormAlphaValue,CL,1,1,TELEPHONE,CLV200,,,,,QADBDATA,283,T_CLDAOUT_300916_CORE_CAD
70021,,,2015,,S_FormAlphaValue,CL,1,1,YYYY,CLV200,,,,,QADBDATA,284,T_CLDAOUT_300916_CORE_CAD
70021,,,TEST,,S_FormAlphaValue,CL,1,1,AUTHOFF,CLV200,,,,,QADBDATA,285,T_CLDAOUT_300916_CORE_CAD
70021,,,LOMBARDRISK COMPLIANCE QA TEAM,,S_FormAlphaValue,CL,1,1,CLIENT,CLV200,,,,,QADBDATA,286,T_CLDAOUT_300916_CORE_CAD
70021,,,QA,,S_FormAlphaValue,CL,1,1,CONTACT,CLV200,,,,,QADBDATA,287,T_CLDAOUT_300916_CORE_CAD
70021,,,2,,S_FormAlphaValue,CL,1,1,DD,CLV200,,,,,QADBDATA,288,T_CLDAOUT_300916_CORE_CAD
70021,,,lombard.risk@lombardrisk.com,,S_FormAlphaValue,CL,1,1,EMAIL,CLV200,,,,,QADBDATA,289,T_CLDAOUT_300916_CORE_CAD
70021,,,12,,S_FormAlphaValue,CL,1,1,MM,CLV200,,,,,QADBDATA,290,T_CLDAOUT_300916_CORE_CAD
70021,,,+86 021 11223344,,S_FormAlphaValue,CL,1,1,TELEPHONE,CLV200,,,,,QADBDATA,291,T_CLDAOUT_300916_CORE_CAD
70021,,,2015,,S_FormAlphaValue,CL,1,1,YYYY,CLV200,,,,,QADBDATA,292,T_CLDAOUT_300916_CORE_CAD
70021,,,TEST,,S_FormAlphaValue,CL,1,1,AUTHOFF,CLV200,,,,,QADBDATA,293,T_CLDAOUT_300916_CORE_CAD
70021,,,LOMBARDRISK COMPLIANCE QA TEAM,,S_FormAlphaValue,CL,1,1,CLIENT,CLV200,,,,,QADBDATA,294,T_CLDAOUT_300916_CORE_CAD
70021,,,QA,,S_FormAlphaValue,CL,1,1,CONTACT,CLV200,,,,,QADBDATA,295,T_CLDAOUT_300916_CORE_CAD
70021,,,2,,S_FormAlphaValue,CL,1,1,DD,CLV200,,,,,QADBDATA,296,T_CLDAOUT_300916_CORE_CAD
70021,,,lombard.risk@lombardrisk.com,,S_FormAlphaValue,CL,1,1,EMAIL,CLV200,,,,,QADBDATA,297,T_CLDAOUT_300916_CORE_CAD
70021,,,12,,S_FormAlphaValue,CL,1,1,MM,CLV200,,,,,QADBDATA,298,T_CLDAOUT_300916_CORE_CAD
70021,,,+86 021 11223344,,S_FormAlphaValue,CL,1,1,TELEPHONE,CLV200,,,,,QADBDATA,299,T_CLDAOUT_300916_CORE_CAD
70021,,,2015,,S_FormAlphaValue,CL,1,1,YYYY,CLV200,,,,,QADBDATA,300,T_CLDAOUT_300916_CORE_CAD
70021,,,TEST,,S_FormAlphaValue,CL,1,1,AUTHOFF,CLV200,,,,,QADBDATA,301,T_CLDAOUT_300916_CORE_CAD
70021,,,LOMBARDRISK COMPLIANCE QA TEAM,,S_FormAlphaValue,CL,1,1,CLIENT,CLV200,,,,,QADBDATA,302,T_CLDAOUT_300916_CORE_CAD
70021,,,QA,,S_FormAlphaValue,CL,1,1,CONTACT,CLV200,,,,,QADBDATA,303,T_CLDAOUT_300916_CORE_CAD
70021,,,2,,S_FormAlphaValue,CL,1,1,DD,CLV200,,,,,QADBDATA,304,T_CLDAOUT_300916_CORE_CAD
70021,,,lombard.risk@lombardrisk.com,,S_FormAlphaValue,CL,1,1,EMAIL,CLV200,,,,,QADBDATA,305,T_CLDAOUT_300916_CORE_CAD
70021,,,12,,S_FormAlphaValue,CL,1,1,MM,CLV200,,,,,QADBDATA,306,T_CLDAOUT_300916_CORE_CAD
70021,,,+86 021 11223344,,S_FormAlphaValue,CL,1,1,TELEPHONE,CLV200,,,,,QADBDATA,307,T_CLDAOUT_300916_CORE_CAD
70021,,,2015,,S_FormAlphaValue,CL,1,1,YYYY,CLV200,,,,,QADBDATA,308,T_CLDAOUT_300916_CORE_CAD
70021,,,TEST,,S_FormAlphaValue,CL,1,1,AUTHOFF,CLV200,,,,,QADBDATA,309,T_CLDAOUT_300916_CORE_CAD
70021,,,LOMBARDRISK COMPLIANCE QA TEAM,,S_FormAlphaValue,CL,1,1,CLIENT,CLV200,,,,,QADBDATA,310,T_CLDAOUT_300916_CORE_CAD
70021,,,QA,,S_FormAlphaValue,CL,1,1,CONTACT,CLV200,,,,,QADBDATA,311,T_CLDAOUT_300916_CORE_CAD
70021,,,2,,S_FormAlphaValue,CL,1,1,DD,CLV200,,,,,QADBDATA,312,T_CLDAOUT_300916_CORE_CAD
70021,,,lombard.risk@lombardrisk.com,,S_FormAlphaValue,CL,1,1,EMAIL,CLV200,,,,,QADBDATA,313,T_CLDAOUT_300916_CORE_CAD
70021,,,12,,S_FormAlphaValue,CL,1,1,MM,CLV200,,,,,QADBDATA,314,T_CLDAOUT_300916_CORE_CAD
70021,,,+86 021 11223344,,S_FormAlphaValue,CL,1,1,TELEPHONE,CLV200,,,,,QADBDATA,315,T_CLDAOUT_300916_CORE_CAD
70021,,,2015,,S_FormAlphaValue,CL,1,1,YYYY,CLV200,,,,,QADBDATA,316,T_CLDAOUT_300916_CORE_CAD
70021,,,TEST,,S_FormAlphaValue,CL,1,1,AUTHOFF,CLV200,,,,,QADBDATA,317,T_CLDAOUT_300916_CORE_CAD
70021,,,LOMBARDRISK COMPLIANCE QA TEAM,,S_FormAlphaValue,CL,1,1,CLIENT,CLV200,,,,,QADBDATA,318,T_CLDAOUT_300916_CORE_CAD
70021,,,QA,,S_FormAlphaValue,CL,1,1,CONTACT,CLV200,,,,,QADBDATA,319,T_CLDAOUT_300916_CORE_CAD
70021,,,2,,S_FormAlphaValue,CL,1,1,DD,CLV200,,,,,QADBDATA,320,T_CLDAOUT_300916_CORE_CAD
70021,,,lombard.risk@lombardrisk.com,,S_FormAlphaValue,CL,1,1,EMAIL,CLV200,,,,,QADBDATA,321,T_CLDAOUT_300916_CORE_CAD
70021,,,12,,S_FormAlphaValue,CL,1,1,MM,CLV200,,,,,QADBDATA,322,T_CLDAOUT_300916_CORE_CAD
70021,,,+86 021 11223344,,S_FormAlphaValue,CL,1,1,TELEPHONE,CLV200,,,,,QADBDATA,323,T_CLDAOUT_300916_CORE_CAD
70021,,,2015,,S_FormAlphaValue,CL,1,1,YYYY,CLV200,,,,,QADBDATA,324,T_CLDAOUT_300916_CORE_CAD
70021,,,TEST,,S_FormAlphaValue,CL,1,1,AUTHOFF,CLV200,,,,,QADBDATA,325,T_CLDAOUT_300916_CORE_CAD
70021,,,LOMBARDRISK COMPLIANCE QA TEAM,,S_FormAlphaValue,CL,1,1,CLIENT,CLV200,,,,,QADBDATA,326,T_CLDAOUT_300916_CORE_CAD
70021,,,QA,,S_FormAlphaValue,CL,1,1,CONTACT,CLV200,,,,,QADBDATA,327,T_CLDAOUT_300916_CORE_CAD
70021,,,2,,S_FormAlphaValue,CL,1,1,DD,CLV200,,,,,QADBDATA,328,T_CLDAOUT_300916_CORE_CAD
70021,,,lombard.risk@lombardrisk.com,,S_FormAlphaValue,CL,1,1,EMAIL,CLV200,,,,,QADBDATA,329,T_CLDAOUT_300916_CORE_CAD
70021,,,12,,S_FormAlphaValue,CL,1,1,MM,CLV200,,,,,QADBDATA,330,T_CLDAOUT_300916_CORE_CAD
70021,,,+86 021 11223344,,S_FormAlphaValue,CL,1,1,TELEPHONE,CLV200,,,,,QADBDATA,331,T_CLDAOUT_300916_CORE_CAD
70021,,,2015,,S_FormAlphaValue,CL,1,1,YYYY,CLV200,,,,,QADBDATA,332,T_CLDAOUT_300916_CORE_CAD
70021,,,TEST,,S_FormAlphaValue,CL,1,1,AUTHOFF,CLV200,,,,,QADBDATA,333,T_CLDAOUT_300916_CORE_CAD
70021,,,LOMBARDRISK COMPLIANCE QA TEAM,,S_FormAlphaValue,CL,1,1,CLIENT,CLV200,,,,,QADBDATA,334,T_CLDAOUT_300916_CORE_CAD
70021,,,QA,,S_FormAlphaValue,CL,1,1,CONTACT,CLV200,,,,,QADBDATA,335,T_CLDAOUT_300916_CORE_CAD
70021,,,2,,S_FormAlphaValue,CL,1,1,DD,CLV200,,,,,QADBDATA,336,T_CLDAOUT_300916_CORE_CAD
70021,,,lombard.risk@lombardrisk.com,,S_FormAlphaValue,CL,1,1,EMAIL,CLV200,,,,,QADBDATA,337,T_CLDAOUT_300916_CORE_CAD
70021,,,12,,S_FormAlphaValue,CL,1,1,MM,CLV200,,,,,QADBDATA,338,T_CLDAOUT_300916_CORE_CAD
70021,,,+86 021 11223344,,S_FormAlphaValue,CL,1,1,TELEPHONE,CLV200,,,,,QADBDATA,339,T_CLDAOUT_300916_CORE_CAD
70021,,,2015,,S_FormAlphaValue,CL,1,1,YYYY,CLV200,,,,,QADBDATA,340,T_CLDAOUT_300916_CORE_CAD
70021,,,TEST,,S_FormAlphaValue,CL,1,1,AUTHOFF,CLV200,,,,,QADBDATA,341,T_CLDAOUT_300916_CORE_CAD
70021,,,LOMBARDRISK COMPLIANCE QA TEAM,,S_FormAlphaValue,CL,1,1,CLIENT,CLV200,,,,,QADBDATA,342,T_CLDAOUT_300916_CORE_CAD
70021,,,QA,,S_FormAlphaValue,CL,1,1,CONTACT,CLV200,,,,,QADBDATA,343,T_CLDAOUT_300916_CORE_CAD
70021,,,2,,S_FormAlphaValue,CL,1,1,DD,CLV200,,,,,QADBDATA,344,T_CLDAOUT_300916_CORE_CAD
70021,,,lombard.risk@lombardrisk.com,,S_FormAlphaValue,CL,1,1,EMAIL,CLV200,,,,,QADBDATA,345,T_CLDAOUT_300916_CORE_CAD
70021,,,12,,S_FormAlphaValue,CL,1,1,MM,CLV200,,,,,QADBDATA,346,T_CLDAOUT_300916_CORE_CAD
70021,,,+86 021 11223344,,S_FormAlphaValue,CL,1,1,TELEPHONE,CLV200,,,,,QADBDATA,347,T_CLDAOUT_300916_CORE_CAD
70021,,,2015,,S_FormAlphaValue,CL,1,1,YYYY,CLV200,,,,,QADBDATA,348,T_CLDAOUT_300916_CORE_CAD
70021,,,TEST,,S_FormAlphaValue,CL,1,1,AUTHOFF,CLV200,,,,,QADBDATA,349,T_CLDAOUT_300916_CORE_CAD
70021,,,LOMBARDRISK COMPLIANCE QA TEAM,,S_FormAlphaValue,CL,1,1,CLIENT,CLV200,,,,,QADBDATA,350,T_CLDAOUT_300916_CORE_CAD
70021,,,QA,,S_FormAlphaValue,CL,1,1,CONTACT,CLV200,,,,,QADBDATA,351,T_CLDAOUT_300916_CORE_CAD
70021,,,2,,S_FormAlphaValue,CL,1,1,DD,CLV200,,,,,QADBDATA,352,T_CLDAOUT_300916_CORE_CAD
70021,,,lombard.risk@lombardrisk.com,,S_FormAlphaValue,CL,1,1,EMAIL,CLV200,,,,,QADBDATA,353,T_CLDAOUT_300916_CORE_CAD
70021,,,12,,S_FormAlphaValue,CL,1,1,MM,CLV200,,,,,QADBDATA,354,T_CLDAOUT_300916_CORE_CAD
70021,,,+86 021 11223344,,S_FormAlphaValue,CL,1,1,TELEPHONE,CLV200,,,,,QADBDATA,355,T_CLDAOUT_300916_CORE_CAD
70021,,,2015,,S_FormAlphaValue,CL,1,1,YYYY,CLV200,,,,,QADBDATA,356,T_CLDAOUT_300916_CORE_CAD
70021,,,TEST,,S_FormAlphaValue,CL,1,1,AUTHOFF,CLV200,,,,,QADBDATA,357,T_CLDAOUT_300916_CORE_CAD
70021,,,LOMBARDRISK COMPLIANCE QA TEAM,,S_FormAlphaValue,CL,1,1,CLIENT,CLV200,,,,,QADBDATA,358,T_CLDAOUT_300916_CORE_CAD
70021,,,QA,,S_FormAlphaValue,CL,1,1,CONTACT,CLV200,,,,,QADBDATA,359,T_CLDAOUT_300916_CORE_CAD
70021,,,2,,S_FormAlphaValue,CL,1,1,DD,CLV200,,,,,QADBDATA,360,T_CLDAOUT_300916_CORE_CAD
70021,,,lombard.risk@lombardrisk.com,,S_FormAlphaValue,CL,1,1,EMAIL,CLV200,,,,,QADBDATA,361,T_CLDAOUT_300916_CORE_CAD
70021,,,12,,S_FormAlphaValue,CL,1,1,MM,CLV200,,,,,QADBDATA,362,T_CLDAOUT_300916_CORE_CAD
70021,,,+86 021 11223344,,S_FormAlphaValue,CL,1,1,TELEPHONE,CLV200,,,,,QADBDATA,363,T_CLDAOUT_300916_CORE_CAD
70021,,,2015,,S_FormAlphaValue,CL,1,1,YYYY,CLV200,,,,,QADBDATA,364,T_CLDAOUT_300916_CORE_CAD
70021,,,TEST,,S_FormAlphaValue,CL,1,1,AUTHOFF,CLV200,,,,,QADBDATA,365,T_CLDAOUT_300916_CORE_CAD
70021,,,LOMBARDRISK COMPLIANCE QA TEAM,,S_FormAlphaValue,CL,1,1,CLIENT,CLV200,,,,,QADBDATA,366,T_CLDAOUT_300916_CORE_CAD
70021,,,QA,,S_FormAlphaValue,CL,1,1,CONTACT,CLV200,,,,,QADBDATA,367,T_CLDAOUT_300916_CORE_CAD
70021,,,2,,S_FormAlphaValue,CL,1,1,DD,CLV200,,,,,QADBDATA,368,T_CLDAOUT_300916_CORE_CAD
70021,,,lombard.risk@lombardrisk.com,,S_FormAlphaValue,CL,1,1,EMAIL,CLV200,,,,,QADBDATA,369,T_CLDAOUT_300916_CORE_CAD
70021,,,12,,S_FormAlphaValue,CL,1,1,MM,CLV200,,,,,QADBDATA,370,T_CLDAOUT_300916_CORE_CAD
70021,,,+86 021 11223344,,S_FormAlphaValue,CL,1,1,TELEPHONE,CLV200,,,,,QADBDATA,371,T_CLDAOUT_300916_CORE_CAD
70021,,,2015,,S_FormAlphaValue,CL,1,1,YYYY,CLV200,,,,,QADBDATA,372,T_CLDAOUT_300916_CORE_CAD
70021,,,TEST,,S_FormAlphaValue,CL,1,1,AUTHOFF,CLV200,,,,,QADBDATA,373,T_CLDAOUT_300916_CORE_CAD
70021,,,LOMBARDRISK COMPLIANCE QA TEAM,,S_FormAlphaValue,CL,1,1,CLIENT,CLV200,,,,,QADBDATA,374,T_CLDAOUT_300916_CORE_CAD
70021,,,QA,,S_FormAlphaValue,CL,1,1,CONTACT,CLV200,,,,,QADBDATA,375,T_CLDAOUT_300916_CORE_CAD
70021,,,2,,S_FormAlphaValue,CL,1,1,DD,CLV200,,,,,QADBDATA,376,T_CLDAOUT_300916_CORE_CAD
70021,,,lombard.risk@lombardrisk.com,,S_FormAlphaValue,CL,1,1,EMAIL,CLV200,,,,,QADBDATA,377,T_CLDAOUT_300916_CORE_CAD
70021,,,12,,S_FormAlphaValue,CL,1,1,MM,CLV200,,,,,QADBDATA,378,T_CLDAOUT_300916_CORE_CAD
70021,,,+86 021 11223344,,S_FormAlphaValue,CL,1,1,TELEPHONE,CLV200,,,,,QADBDATA,379,T_CLDAOUT_300916_CORE_CAD
70021,,,2015,,S_FormAlphaValue,CL,1,1,YYYY,CLV200,,,,,QADBDATA,380,T_CLDAOUT_300916_CORE_CAD
70021,,,TEST,,S_FormAlphaValue,CL,1,1,AUTHOFF,CLV200,,,,,QADBDATA,381,T_CLDAOUT_300916_CORE_CAD
70021,,,LOMBARDRISK COMPLIANCE QA TEAM,,S_FormAlphaValue,CL,1,1,CLIENT,CLV200,,,,,QADBDATA,382,T_CLDAOUT_300916_CORE_CAD
70021,,,QA,,S_FormAlphaValue,CL,1,1,CONTACT,CLV200,,,,,QADBDATA,383,T_CLDAOUT_300916_CORE_CAD
70021,,,2,,S_FormAlphaValue,CL,1,1,DD,CLV200,,,,,QADBDATA,384,T_CLDAOUT_300916_CORE_CAD
70021,,,lombard.risk@lombardrisk.com,,S_FormAlphaValue,CL,1,1,EMAIL,CLV200,,,,,QADBDATA,385,T_CLDAOUT_300916_CORE_CAD
70021,,,12,,S_FormAlphaValue,CL,1,1,MM,CLV200,,,,,QADBDATA,386,T_CLDAOUT_300916_CORE_CAD
70021,,,+86 021 11223344,,S_FormAlphaValue,CL,1,1,TELEPHONE,CLV200,,,,,QADBDATA,387,T_CLDAOUT_300916_CORE_CAD
70021,,,2015,,S_FormAlphaValue,CL,1,1,YYYY,CLV200,,,,,QADBDATA,388,T_CLDAOUT_300916_CORE_CAD
70021,,,TEST,,S_FormAlphaValue,CL,1,1,AUTHOFF,CLV200,,,,,QADBDATA,389,T_CLDAOUT_300916_CORE_CAD
70021,,,LOMBARDRISK COMPLIANCE QA TEAM,,S_FormAlphaValue,CL,1,1,CLIENT,CLV200,,,,,QADBDATA,390,T_CLDAOUT_300916_CORE_CAD
70021,,,QA,,S_FormAlphaValue,CL,1,1,CONTACT,CLV200,,,,,QADBDATA,391,T_CLDAOUT_300916_CORE_CAD
70021,,,2,,S_FormAlphaValue,CL,1,1,DD,CLV200,,,,,QADBDATA,392,T_CLDAOUT_300916_CORE_CAD
70021,,,lombard.risk@lombardrisk.com,,S_FormAlphaValue,CL,1,1,EMAIL,CLV200,,,,,QADBDATA,393,T_CLDAOUT_300916_CORE_CAD
70021,,,12,,S_FormAlphaValue,CL,1,1,MM,CLV200,,,,,QADBDATA,394,T_CLDAOUT_300916_CORE_CAD
70021,,,+86 021 11223344,,S_FormAlphaValue,CL,1,1,TELEPHONE,CLV200,,,,,QADBDATA,395,T_CLDAOUT_300916_CORE_CAD
70021,,,2015,,S_FormAlphaValue,CL,1,1,YYYY,CLV200,,,,,QADBDATA,396,T_CLDAOUT_300916_CORE_CAD
70021,,,TEST,,S_FormAlphaValue,CL,1,1,AUTHOFF,CLV200,,,,,QADBDATA,397,T_CLDAOUT_300916_CORE_CAD
70021,,,LOMBARDRISK COMPLIANCE QA TEAM,,S_FormAlphaValue,CL,1,1,CLIENT,CLV200,,,,,QADBDATA,398,T_CLDAOUT_300916_CORE_CAD
70021,,,QA,,S_FormAlphaValue,CL,1,1,CONTACT,CLV200,,,,,QADBDATA,399,T_CLDAOUT_300916_CORE_CAD
70021,,,2,,S_FormAlphaValue,CL,1,1,DD,CLV200,,,,,QADBDATA,400,T_CLDAOUT_300916_CORE_CAD
70021,,,lombard.risk@lombardrisk.com,,S_FormAlphaValue,CL,1,1,EMAIL,CLV200,,,,,QADBDATA,401,T_CLDAOUT_300916_CORE_CAD
70021,,,12,,S_FormAlphaValue,CL,1,1,MM,CLV200,,,,,QADBDATA,402,T_CLDAOUT_300916_CORE_CAD
70021,,,+86 021 11223344,,S_FormAlphaValue,CL,1,1,TELEPHONE,CLV200,,,,,QADBDATA,403,T_CLDAOUT_300916_CORE_CAD
70021,,,2015,,S_FormAlphaValue,CL,1,1,YYYY,CLV200,,,,,QADBDATA,404,T_CLDAOUT_300916_CORE_CAD
70021,,,TEST,,S_FormAlphaValue,CL,1,1,AUTHOFF,CLV200,,,,,QADBDATA,405,T_CLDAOUT_300916_CORE_CAD
70021,,,LOMBARDRISK COMPLIANCE QA TEAM,,S_FormAlphaValue,CL,1,1,CLIENT,CLV200,,,,,QADBDATA,406,T_CLDAOUT_300916_CORE_CAD
70021,,,QA,,S_FormAlphaValue,CL,1,1,CONTACT,CLV200,,,,,QADBDATA,407,T_CLDAOUT_300916_CORE_CAD
70021,,,2,,S_FormAlphaValue,CL,1,1,DD,CLV200,,,,,QADBDATA,408,T_CLDAOUT_300916_CORE_CAD
70021,,,lombard.risk@lombardrisk.com,,S_FormAlphaValue,CL,1,1,EMAIL,CLV200,,,,,QADBDATA,409,T_CLDAOUT_300916_CORE_CAD
70021,,,12,,S_FormAlphaValue,CL,1,1,MM,CLV200,,,,,QADBDATA,410,T_CLDAOUT_300916_CORE_CAD
70021,,,+86 021 11223344,,S_FormAlphaValue,CL,1,1,TELEPHONE,CLV200,,,,,QADBDATA,411,T_CLDAOUT_300916_CORE_CAD
70021,,,2015,,S_FormAlphaValue,CL,1,1,YYYY,CLV200,,,,,QADBDATA,412,T_CLDAOUT_300916_CORE_CAD
70021,,,TEST,,S_FormAlphaValue,CL,1,1,AUTHOFF,CLV200,,,,,QADBDATA,413,T_CLDAOUT_300916_CORE_CAD
70021,,,LOMBARDRISK COMPLIANCE QA TEAM,,S_FormAlphaValue,CL,1,1,CLIENT,CLV200,,,,,QADBDATA,414,T_CLDAOUT_300916_CORE_CAD
70021,,,QA,,S_FormAlphaValue,CL,1,1,CONTACT,CLV200,,,,,QADBDATA,415,T_CLDAOUT_300916_CORE_CAD
70021,,,2,,S_FormAlphaValue,CL,1,1,DD,CLV200,,,,,QADBDATA,416,T_CLDAOUT_300916_CORE_CAD
70021,,,lombard.risk@lombardrisk.com,,S_FormAlphaValue,CL,1,1,EMAIL,CLV200,,,,,QADBDATA,417,T_CLDAOUT_300916_CORE_CAD
70021,,,12,,S_FormAlphaValue,CL,1,1,MM,CLV200,,,,,QADBDATA,418,T_CLDAOUT_300916_CORE_CAD
70021,,,+86 021 11223344,,S_FormAlphaValue,CL,1,1,TELEPHONE,CLV200,,,,,QADBDATA,419,T_CLDAOUT_300916_CORE_CAD
70021,,,2015,,S_FormAlphaValue,CL,1,1,YYYY,CLV200,,,,,QADBDATA,420,T_CLDAOUT_300916_CORE_CAD
70021,,,TEST,,S_FormAlphaValue,CL,1,1,AUTHOFF,CLV200,,,,,QADBDATA,421,T_CLDAOUT_300916_CORE_CAD
70021,,,LOMBARDRISK COMPLIANCE QA TEAM,,S_FormAlphaValue,CL,1,1,CLIENT,CLV200,,,,,QADBDATA,422,T_CLDAOUT_300916_CORE_CAD
70021,,,QA,,S_FormAlphaValue,CL,1,1,CONTACT,CLV200,,,,,QADBDATA,423,T_CLDAOUT_300916_CORE_CAD
70021,,,2,,S_FormAlphaValue,CL,1,1,DD,CLV200,,,,,QADBDATA,424,T_CLDAOUT_300916_CORE_CAD
70021,,,lombard.risk@lombardrisk.com,,S_FormAlphaValue,CL,1,1,EMAIL,CLV200,,,,,QADBDATA,425,T_CLDAOUT_300916_CORE_CAD
70021,,,12,,S_FormAlphaValue,CL,1,1,MM,CLV200,,,,,QADBDATA,426,T_CLDAOUT_300916_CORE_CAD
70021,,,+86 021 11223344,,S_FormAlphaValue,CL,1,1,TELEPHONE,CLV200,,,,,QADBDATA,427,T_CLDAOUT_300916_CORE_CAD
70021,,,2015,,S_FormAlphaValue,CL,1,1,YYYY,CLV200,,,,,QADBDATA,428,T_CLDAOUT_300916_CORE_CAD
70021,,,TEST,,S_FormAlphaValue,CL,1,1,AUTHOFF,CLV200,,,,,QADBDATA,429,T_CLDAOUT_300916_CORE_CAD
70021,,,LOMBARDRISK COMPLIANCE QA TEAM,,S_FormAlphaValue,CL,1,1,CLIENT,CLV200,,,,,QADBDATA,430,T_CLDAOUT_300916_CORE_CAD
70021,,,QA,,S_FormAlphaValue,CL,1,1,CONTACT,CLV200,,,,,QADBDATA,431,T_CLDAOUT_300916_CORE_CAD
70021,,,2,,S_FormAlphaValue,CL,1,1,DD,CLV200,,,,,QADBDATA,432,T_CLDAOUT_300916_CORE_CAD
70021,,,lombard.risk@lombardrisk.com,,S_FormAlphaValue,CL,1,1,EMAIL,CLV200,,,,,QADBDATA,433,T_CLDAOUT_300916_CORE_CAD
70021,,,12,,S_FormAlphaValue,CL,1,1,MM,CLV200,,,,,QADBDATA,434,T_CLDAOUT_300916_CORE_CAD
70021,,,+86 021 11223344,,S_FormAlphaValue,CL,1,1,TELEPHONE,CLV200,,,,,QADBDATA,435,T_CLDAOUT_300916_CORE_CAD
70021,,,2015,,S_FormAlphaValue,CL,1,1,YYYY,CLV200,,,,,QADBDATA,436,T_CLDAOUT_300916_CORE_CAD
70021,,,TEST,,S_FormAlphaValue,CL,1,1,AUTHOFF,CLV200,,,,,QADBDATA,437,T_CLDAOUT_300916_CORE_CAD
70021,,,LOMBARDRISK COMPLIANCE QA TEAM,,S_FormAlphaValue,CL,1,1,CLIENT,CLV200,,,,,QADBDATA,438,T_CLDAOUT_300916_CORE_CAD
70021,,,QA,,S_FormAlphaValue,CL,1,1,CONTACT,CLV200,,,,,QADBDATA,439,T_CLDAOUT_300916_CORE_CAD
70021,,,2,,S_FormAlphaValue,CL,1,1,DD,CLV200,,,,,QADBDATA,440,T_CLDAOUT_300916_CORE_CAD
70021,,,lombard.risk@lombardrisk.com,,S_FormAlphaValue,CL,1,1,EMAIL,CLV200,,,,,QADBDATA,441,T_CLDAOUT_300916_CORE_CAD
70021,,,12,,S_FormAlphaValue,CL,1,1,MM,CLV200,,,,,QADBDATA,442,T_CLDAOUT_300916_CORE_CAD
70021,,,+86 021 11223344,,S_FormAlphaValue,CL,1,1,TELEPHONE,CLV200,,,,,QADBDATA,443,T_CLDAOUT_300916_CORE_CAD
70021,,,2015,,S_FormAlphaValue,CL,1,1,YYYY,CLV200,,,,,QADBDATA,444,T_CLDAOUT_300916_CORE_CAD
70021,,,TEST,,S_FormAlphaValue,CL,1,1,AUTHOFF,CLV200,,,,,QADBDATA,445,T_CLDAOUT_300916_CORE_CAD
70021,,,LOMBARDRISK COMPLIANCE QA TEAM,,S_FormAlphaValue,CL,1,1,CLIENT,CLV200,,,,,QADBDATA,446,T_CLDAOUT_300916_CORE_CAD
70021,,,QA,,S_FormAlphaValue,CL,1,1,CONTACT,CLV200,,,,,QADBDATA,447,T_CLDAOUT_300916_CORE_CAD
70021,,,2,,S_FormAlphaValue,CL,1,1,DD,CLV200,,,,,QADBDATA,448,T_CLDAOUT_300916_CORE_CAD
70021,,,lombard.risk@lombardrisk.com,,S_FormAlphaValue,CL,1,1,EMAIL,CLV200,,,,,QADBDATA,449,T_CLDAOUT_300916_CORE_CAD
70021,,,12,,S_FormAlphaValue,CL,1,1,MM,CLV200,,,,,QADBDATA,450,T_CLDAOUT_300916_CORE_CAD
70021,,,+86 021 11223344,,S_FormAlphaValue,CL,1,1,TELEPHONE,CLV200,,,,,QADBDATA,451,T_CLDAOUT_300916_CORE_CAD
70021,,,2015,,S_FormAlphaValue,CL,1,1,YYYY,CLV200,,,,,QADBDATA,452,T_CLDAOUT_300916_CORE_CAD
70021,,,TEST,,S_FormAlphaValue,CL,1,1,AUTHOFF,CLV200,,,,,QADBDATA,453,T_CLDAOUT_300916_CORE_CAD
70021,,,LOMBARDRISK COMPLIANCE QA TEAM,,S_FormAlphaValue,CL,1,1,CLIENT,CLV200,,,,,QADBDATA,454,T_CLDAOUT_300916_CORE_CAD
70021,,,QA,,S_FormAlphaValue,CL,1,1,CONTACT,CLV200,,,,,QADBDATA,455,T_CLDAOUT_300916_CORE_CAD
70021,,,2,,S_FormAlphaValue,CL,1,1,DD,CLV200,,,,,QADBDATA,456,T_CLDAOUT_300916_CORE_CAD
70021,,,lombard.risk@lombardrisk.com,,S_FormAlphaValue,CL,1,1,EMAIL,CLV200,,,,,QADBDATA,457,T_CLDAOUT_300916_CORE_CAD
70021,,,12,,S_FormAlphaValue,CL,1,1,MM,CLV200,,,,,QADBDATA,458,T_CLDAOUT_300916_CORE_CAD
70021,,,+86 021 11223344,,S_FormAlphaValue,CL,1,1,TELEPHONE,CLV200,,,,,QADBDATA,459,T_CLDAOUT_300916_CORE_CAD
70021,,,2015,,S_FormAlphaValue,CL,1,1,YYYY,CLV200,,,,,QADBDATA,460,T_CLDAOUT_300916_CORE_CAD
70021,,,TEST,,S_FormAlphaValue,CL,1,1,AUTHOFF,CLV200,,,,,QADBDATA,461,T_CLDAOUT_300916_CORE_CAD
70021,,,LOMBARDRISK COMPLIANCE QA TEAM,,S_FormAlphaValue,CL,1,1,CLIENT,CLV200,,,,,QADBDATA,462,T_CLDAOUT_300916_CORE_CAD
70021,,,QA,,S_FormAlphaValue,CL,1,1,CONTACT,CLV200,,,,,QADBDATA,463,T_CLDAOUT_300916_CORE_CAD
70021,,,2,,S_FormAlphaValue,CL,1,1,DD,CLV200,,,,,QADBDATA,464,T_CLDAOUT_300916_CORE_CAD
70021,,,lombard.risk@lombardrisk.com,,S_FormAlphaValue,CL,1,1,EMAIL,CLV200,,,,,QADBDATA,465,T_CLDAOUT_300916_CORE_CAD
70021,,,12,,S_FormAlphaValue,CL,1,1,MM,CLV200,,,,,QADBDATA,466,T_CLDAOUT_300916_CORE_CAD
70021,,,+86 021 11223344,,S_FormAlphaValue,CL,1,1,TELEPHONE,CLV200,,,,,QADBDATA,467,T_CLDAOUT_300916_CORE_CAD
70021,,,2015,,S_FormAlphaValue,CL,1,1,YYYY,CLV200,,,,,QADBDATA,468,T_CLDAOUT_300916_CORE_CAD
70021,,,TEST,,S_FormAlphaValue,CL,1,1,AUTHOFF,CLV200,,,,,QADBDATA,469,T_CLDAOUT_300916_CORE_CAD
70021,,,LOMBARDRISK COMPLIANCE QA TEAM,,S_FormAlphaValue,CL,1,1,CLIENT,CLV200,,,,,QADBDATA,470,T_CLDAOUT_300916_CORE_CAD
70021,,,QA,,S_FormAlphaValue,CL,1,1,CONTACT,CLV200,,,,,QADBDATA,471,T_CLDAOUT_300916_CORE_CAD
70021,,,2,,S_FormAlphaValue,CL,1,1,DD,CLV200,,,,,QADBDATA,472,T_CLDAOUT_300916_CORE_CAD
70021,,,lombard.risk@lombardrisk.com,,S_FormAlphaValue,CL,1,1,EMAIL,CLV200,,,,,QADBDATA,473,T_CLDAOUT_300916_CORE_CAD
70021,,,12,,S_FormAlphaValue,CL,1,1,MM,CLV200,,,,,QADBDATA,474,T_CLDAOUT_300916_CORE_CAD
70021,,,+86 021 11223344,,S_FormAlphaValue,CL,1,1,TELEPHONE,CLV200,,,,,QADBDATA,475,T_CLDAOUT_300916_CORE_CAD
70021,,,2015,,S_FormAlphaValue,CL,1,1,YYYY,CLV200,,,,,QADBDATA,476,T_CLDAOUT_300916_CORE_CAD
70021,,,TEST,,S_FormAlphaValue,CL,1,1,AUTHOFF,CLV200,,,,,QADBDATA,477,T_CLDAOUT_300916_CORE_CAD
70021,,,LOMBARDRISK COMPLIANCE QA TEAM,,S_FormAlphaValue,CL,1,1,CLIENT,CLV200,,,,,QADBDATA,478,T_CLDAOUT_300916_CORE_CAD
70021,,,QA,,S_FormAlphaValue,CL,1,1,CONTACT,CLV200,,,,,QADBDATA,479,T_CLDAOUT_300916_CORE_CAD
70021,,,2,,S_FormAlphaValue,CL,1,1,DD,CLV200,,,,,QADBDATA,480,T_CLDAOUT_300916_CORE_CAD
70021,,,lombard.risk@lombardrisk.com,,S_FormAlphaValue,CL,1,1,EMAIL,CLV200,,,,,QADBDATA,481,T_CLDAOUT_300916_CORE_CAD
70021,,,12,,S_FormAlphaValue,CL,1,1,MM,CLV200,,,,,QADBDATA,482,T_CLDAOUT_300916_CORE_CAD
70021,,,+86 021 11223344,,S_FormAlphaValue,CL,1,1,TELEPHONE,CLV200,,,,,QADBDATA,483,T_CLDAOUT_300916_CORE_CAD
70021,,,2015,,S_FormAlphaValue,CL,1,1,YYYY,CLV200,,,,,QADBDATA,484,T_CLDAOUT_300916_CORE_CAD
70021,,,TEST,,S_FormAlphaValue,CL,1,1,AUTHOFF,CLV200,,,,,QADBDATA,485,T_CLDAOUT_300916_CORE_CAD
70021,,,LOMBARDRISK COMPLIANCE QA TEAM,,S_FormAlphaValue,CL,1,1,CLIENT,CLV200,,,,,QADBDATA,486,T_CLDAOUT_300916_CORE_CAD
70021,,,QA,,S_FormAlphaValue,CL,1,1,CONTACT,CLV200,,,,,QADBDATA,487,T_CLDAOUT_300916_CORE_CAD
70021,,,2,,S_FormAlphaValue,CL,1,1,DD,CLV200,,,,,QADBDATA,488,T_CLDAOUT_300916_CORE_CAD
70021,,,lombard.risk@lombardrisk.com,,S_FormAlphaValue,CL,1,1,EMAIL,CLV200,,,,,QADBDATA,489,T_CLDAOUT_300916_CORE_CAD
70021,,,12,,S_FormAlphaValue,CL,1,1,MM,CLV200,,,,,QADBDATA,490,T_CLDAOUT_300916_CORE_CAD
70021,,,+86 021 11223344,,S_FormAlphaValue,CL,1,1,TELEPHONE,CLV200,,,,,QADBDATA,491,T_CLDAOUT_300916_CORE_CAD
70021,,,2015,,S_FormAlphaValue,CL,1,1,YYYY,CLV200,,,,,QADBDATA,492,T_CLDAOUT_300916_CORE_CAD
70021,,,TEST,,S_FormAlphaValue,CL,1,1,AUTHOFF,CLV200,,,,,QADBDATA,493,T_CLDAOUT_300916_CORE_CAD
70021,,,LOMBARDRISK COMPLIANCE QA TEAM,,S_FormAlphaValue,CL,1,1,CLIENT,CLV200,,,,,QADBDATA,494,T_CLDAOUT_300916_CORE_CAD
70021,,,QA,,S_FormAlphaValue,CL,1,1,CONTACT,CLV200,,,,,QADBDATA,495,T_CLDAOUT_300916_CORE_CAD
70021,,,2,,S_FormAlphaValue,CL,1,1,DD,CLV200,,,,,QADBDATA,496,T_CLDAOUT_300916_CORE_CAD
70021,,,lombard.risk@lombardrisk.com,,S_FormAlphaValue,CL,1,1,EMAIL,CLV200,,,,,QADBDATA,497,T_CLDAOUT_300916_CORE_CAD
70021,,,12,,S_FormAlphaValue,CL,1,1,MM,CLV200,,,,,QADBDATA,498,T_CLDAOUT_300916_CORE_CAD
70021,,,+86 021 11223344,,S_FormAlphaValue,CL,1,1,TELEPHONE,CLV200,,,,,QADBDATA,499,T_CLDAOUT_300916_CORE_CAD
70021,,,2015,,S_FormAlphaValue,CL,1,1,YYYY,CLV200,,,,,QADBDATA,500,T_CLDAOUT_300916_CORE_CAD
70021,,,TEST,,S_FormAlphaValue,CL,1,1,AUTHOFF,CLV200,,,,,QADBDATA,501,T_CLDAOUT_300916_CORE_CAD
70021,,,LOMBARDRISK COMPLIANCE QA TEAM,,S_FormAlphaValue,CL,1,1,CLIENT,CLV200,,,,,QADBDATA,502,T_CLDAOUT_300916_CORE_CAD
70021,,,QA,,S_FormAlphaValue,CL,1,1,CONTACT,CLV200,,,,,QADBDATA,503,T_CLDAOUT_300916_CORE_CAD
70021,,,2,,S_FormAlphaValue,CL,1,1,DD,CLV200,,,,,QADBDATA,504,T_CLDAOUT_300916_CORE_CAD
70021,,,lombard.risk@lombardrisk.com,,S_FormAlphaValue,CL,1,1,EMAIL,CLV200,,,,,QADBDATA,505,T_CLDAOUT_300916_CORE_CAD
70021,,,12,,S_FormAlphaValue,CL,1,1,MM,CLV200,,,,,QADBDATA,506,T_CLDAOUT_300916_CORE_CAD
70021,,,+86 021 11223344,,S_FormAlphaValue,CL,1,1,TELEPHONE,CLV200,,,,,QADBDATA,507,T_CLDAOUT_300916_CORE_CAD
70021,,,2015,,S_FormAlphaValue,CL,1,1,YYYY,CLV200,,,,,QADBDATA,508,T_CLDAOUT_300916_CORE_CAD
70021,,,TEST,,S_FormAlphaValue,CL,1,1,AUTHOFF,CLV200,,,,,QADBDATA,509,T_CLDAOUT_300916_CORE_CAD
70021,,,LOMBARDRISK COMPLIANCE QA TEAM,,S_FormAlphaValue,CL,1,1,CLIENT,CLV200,,,,,QADBDATA,510,T_CLDAOUT_300916_CORE_CAD
70021,,,QA,,S_FormAlphaValue,CL,1,1,CONTACT,CLV200,,,,,QADBDATA,511,T_CLDAOUT_300916_CORE_CAD
70021,,,2,,S_FormAlphaValue,CL,1,1,DD,CLV200,,,,,QADBDATA,512,T_CLDAOUT_300916_CORE_CAD
70021,,,lombard.risk@lombardrisk.com,,S_FormAlphaValue,CL,1,1,EMAIL,CLV200,,,,,QADBDATA,513,T_CLDAOUT_300916_CORE_CAD
70021,,,12,,S_FormAlphaValue,CL,1,1,MM,CLV200,,,,,QADBDATA,514,T_CLDAOUT_300916_CORE_CAD
70021,,,+86 021 11223344,,S_FormAlphaValue,CL,1,1,TELEPHONE,CLV200,,,,,QADBDATA,515,T_CLDAOUT_300916_CORE_CAD
70021,,,2015,,S_FormAlphaValue,CL,1,1,YYYY,CLV200,,,,,QADBDATA,516,T_CLDAOUT_300916_CORE_CAD
70021,,,TEST,,S_FormAlphaValue,CL,1,1,AUTHOFF,CLV200,,,,,QADBDATA,517,T_CLDAOUT_300916_CORE_CAD
70021,,,LOMBARDRISK COMPLIANCE QA TEAM,,S_FormAlphaValue,CL,1,1,CLIENT,CLV200,,,,,QADBDATA,518,T_CLDAOUT_300916_CORE_CAD
70021,,,QA,,S_FormAlphaValue,CL,1,1,CONTACT,CLV200,,,,,QADBDATA,519,T_CLDAOUT_300916_CORE_CAD
70021,,,2,,S_FormAlphaValue,CL,1,1,DD,CLV200,,,,,QADBDATA,520,T_CLDAOUT_300916_CORE_CAD
70021,,,lombard.risk@lombardrisk.com,,S_FormAlphaValue,CL,1,1,EMAIL,CLV200,,,,,QADBDATA,521,T_CLDAOUT_300916_CORE_CAD
70021,,,12,,S_FormAlphaValue,CL,1,1,MM,CLV200,,,,,QADBDATA,522,T_CLDAOUT_300916_CORE_CAD
70021,,,+86 021 11223344,,S_FormAlphaValue,CL,1,1,TELEPHONE,CLV200,,,,,QADBDATA,523,T_CLDAOUT_300916_CORE_CAD
70021,,,2015,,S_FormAlphaValue,CL,1,1,YYYY,CLV200,,,,,QADBDATA,524,T_CLDAOUT_300916_CORE_CAD
70021,,,TEST,,S_FormAlphaValue,CL,1,1,AUTHOFF,CLV200,,,,,QADBDATA,525,T_CLDAOUT_300916_CORE_CAD
70021,,,LOMBARDRISK COMPLIANCE QA TEAM,,S_FormAlphaValue,CL,1,1,CLIENT,CLV200,,,,,QADBDATA,526,T_CLDAOUT_300916_CORE_CAD
70021,,,QA,,S_FormAlphaValue,CL,1,1,CONTACT,CLV200,,,,,QADBDATA,527,T_CLDAOUT_300916_CORE_CAD
70021,,,2,,S_FormAlphaValue,CL,1,1,DD,CLV200,,,,,QADBDATA,528,T_CLDAOUT_300916_CORE_CAD
70021,,,lombard.risk@lombardrisk.com,,S_FormAlphaValue,CL,1,1,EMAIL,CLV200,,,,,QADBDATA,529,T_CLDAOUT_300916_CORE_CAD
70021,,,12,,S_FormAlphaValue,CL,1,1,MM,CLV200,,,,,QADBDATA,530,T_CLDAOUT_300916_CORE_CAD
70021,,,+86 021 11223344,,S_FormAlphaValue,CL,1,1,TELEPHONE,CLV200,,,,,QADBDATA,531,T_CLDAOUT_300916_CORE_CAD
70021,,,2015,,S_FormAlphaValue,CL,1,1,YYYY,CLV200,,,,,QADBDATA,532,T_CLDAOUT_300916_CORE_CAD
70021,,,TEST,,S_FormAlphaValue,CL,1,1,AUTHOFF,CLV200,,,,,QADBDATA,533,T_CLDAOUT_300916_CORE_CAD
70021,,,LOMBARDRISK COMPLIANCE QA TEAM,,S_FormAlphaValue,CL,1,1,CLIENT,CLV200,,,,,QADBDATA,534,T_CLDAOUT_300916_CORE_CAD
70021,,,QA,,S_FormAlphaValue,CL,1,1,CONTACT,CLV200,,,,,QADBDATA,535,T_CLDAOUT_300916_CORE_CAD
70021,,,2,,S_FormAlphaValue,CL,1,1,DD,CLV200,,,,,QADBDATA,536,T_CLDAOUT_300916_CORE_CAD
70021,,,lombard.risk@lombardrisk.com,,S_FormAlphaValue,CL,1,1,EMAIL,CLV200,,,,,QADBDATA,537,T_CLDAOUT_300916_CORE_CAD
70021,,,12,,S_FormAlphaValue,CL,1,1,MM,CLV200,,,,,QADBDATA,538,T_CLDAOUT_300916_CORE_CAD
70021,,,+86 021 11223344,,S_FormAlphaValue,CL,1,1,TELEPHONE,CLV200,,,,,QADBDATA,539,T_CLDAOUT_300916_CORE_CAD
70021,,,2015,,S_FormAlphaValue,CL,1,1,YYYY,CLV200,,,,,QADBDATA,540,T_CLDAOUT_300916_CORE_CAD
70021,,,TEST,,S_FormAlphaValue,CL,1,1,AUTHOFF,CLV200,,,,,QADBDATA,541,T_CLDAOUT_300916_CORE_CAD
70021,,,LOMBARDRISK COMPLIANCE QA TEAM,,S_FormAlphaValue,CL,1,1,CLIENT,CLV200,,,,,QADBDATA,542,T_CLDAOUT_300916_CORE_CAD
70021,,,QA,,S_FormAlphaValue,CL,1,1,CONTACT,CLV200,,,,,QADBDATA,543,T_CLDAOUT_300916_CORE_CAD
70021,,,2,,S_FormAlphaValue,CL,1,1,DD,CLV200,,,,,QADBDATA,544,T_CLDAOUT_300916_CORE_CAD
70021,,,lombard.risk@lombardrisk.com,,S_FormAlphaValue,CL,1,1,EMAIL,CLV200,,,,,QADBDATA,545,T_CLDAOUT_300916_CORE_CAD
70021,,,12,,S_FormAlphaValue,CL,1,1,MM,CLV200,,,,,QADBDATA,546,T_CLDAOUT_300916_CORE_CAD
70021,,,+86 021 11223344,,S_FormAlphaValue,CL,1,1,TELEPHONE,CLV200,,,,,QADBDATA,547,T_CLDAOUT_300916_CORE_CAD
70021,,,2015,,S_FormAlphaValue,CL,1,1,YYYY,CLV200,,,,,QADBDATA,548,T_CLDAOUT_300916_CORE_CAD
70021,,,TEST,,S_FormAlphaValue,CL,1,1,AUTHOFF,CLV200,,,,,QADBDATA,549,T_CLDAOUT_300916_CORE_CAD
70021,,,LOMBARDRISK COMPLIANCE QA TEAM,,S_FormAlphaValue,CL,1,1,CLIENT,CLV200,,,,,QADBDATA,550,T_CLDAOUT_300916_CORE_CAD
70021,,,QA,,S_FormAlphaValue,CL,1,1,CONTACT,CLV200,,,,,QADBDATA,551,T_CLDAOUT_300916_CORE_CAD
70021,,,2,,S_FormAlphaValue,CL,1,1,DD,CLV200,,,,,QADBDATA,552,T_CLDAOUT_300916_CORE_CAD
70021,,,lombard.risk@lombardrisk.com,,S_FormAlphaValue,CL,1,1,EMAIL,CLV200,,,,,QADBDATA,553,T_CLDAOUT_300916_CORE_CAD
70021,,,12,,S_FormAlphaValue,CL,1,1,MM,CLV200,,,,,QADBDATA,554,T_CLDAOUT_300916_CORE_CAD
70021,,,+86 021 11223344,,S_FormAlphaValue,CL,1,1,TELEPHONE,CLV200,,,,,QADBDATA,555,T_CLDAOUT_300916_CORE_CAD
70021,,,2015,,S_FormAlphaValue,CL,1,1,YYYY,CLV200,,,,,QADBDATA,556,T_CLDAOUT_300916_CORE_CAD
70021,,,,,S_FormAlphaValue,CL,1,1,VALTOLERANCE,CLV200,,,,,QADBDATA,557,T_CLDAOUT_300916_CORE_CAD
70021,0,,,590,S_FormValue,CL,1,1,CL1,CLV2GRD,GUERNSEY,GUER,GG,GUERNSEY,QADBDATA,558,T_CLDAOUT_300916_CORE_CAD
