--DateFormat[dd/mm/yyyy](dd/mm/yyyy|mm/dd/yyyy|yyyy-mm-dd),,,,,
CellName,CellTag,PageInstance,AdjustmentValue,Comment,RowKey
RSSD9130,,1,,,
RSSD9028,,1,,,
RSSD9220,,1,,,
RSSD9017,,1,,,
RISKJ196,,1,,,
RISKC490,,1,,,
RISK9116,,1,,,
RISK8902,,1,,,
RISK8901,,1,,,
RISK4086,,1,,,
FRY15ASOFDATE,,1,,,
RSSD_ID,,1,,,
RSSD9200,,1,,,
RISKN507,,1,1000,,
RISKN506,Derived,1,-1000,,
RISKM718,,1,0,,
RISKM362,Derived,1,0,,
RISKM360,,1,0,,
RISKM359,,1,0,,
RISKM358,,1,0,,
RISKM357,,1,0,,
RISKM356,,1,0,,
RISKM355,,1,0,,
RISKM354,,1,0,,
RISKM353,,1,0,,
RISKM352,,1,0,,
RISKM351,,1,0,,
RISKM350,Derived,1,0,,
RISKM349,,1,0,,
RISKM348,Derived,1,0,,
RISKM347,,1,0,,
RISKM346,,1,0,,
RISKM345,,1,0,,
RISKM344,,1,0,,
RISKM343,,1,1000,,
RISKM342,,1,0,,
RISKM341,,1,0,,
RISKM340,,1,0,,
RISKM339,,1,0,,
RISKM338,,1,0,,
RISKM337,,1,0,,
RISKM336,,1,0,,
RISKM335,,1,0,,
RISKM334,,1,2000,,
RISKJ458,,1,0,,
RISKB989,,1,3000,,
RISK2170,,1,0,,
RISKN508,,1,0,,
RISKN509,,1,0,,
RISKM408,Derived,1,0,,
RISKM386,,1,0,,
RISKM385,,1,0,,
RISKM384,,1,0,,
RISKM383,,1,0,,
RISKM382,,1,0,,
RISKM381,,1,0,,
RISKM380,,1,0,,
RISKM379,,1,0,,
RISKM378,,1,0,,
RISKM377,,1,0,,
RISKM376,Derived,1,1000,,
RISKM375,,1,0,,
RISKM374,,1,0,,
RISKM373,,1,0,,
RISKM407,,1,0,,
RISKM406,,1,0,,
RISKM405,,1,0,,
RISKM390,Derived,1,1000,,
RISKM389,,1,0,,
RISKM388,,1,0,,
RISKM387,,1,0,,
RISKM372,,1,0,,
RISKM371,,1,0,,
RISKM370,Derived,1,0,,
RISKM368,,1,0,,
RISKM367,,1,0,,
RISKM366,,1,0,,
RISKM365,,1,0,,
RISKM364,,1,0,,
RISKM363,,1,0,,
RISK2309,,1,1000,,
RISKM437,,1,0,,
RISKM436,,1,7000,,
RISKM435,,1,0,,
RISKM434,,1,0,,
RISKM433,,1,0,,
RISKM432,,1,0,,
RISKM431,,1,0,,
RISKM430,,1,75000,,
RISKM429,,1,0,,
RISKN255,Derived,1,78000,,
RISKM428,,1,0,,
RISKM427,,1,0,,
RISKM426,Derived,1,-579000,,
RISKM425,,1,0,,
RISKM424,,1,579000,,
RISKM423,,1,0,,
RISKM422,,1,54000,,
RISKM414,Derived,1,79000,,
RISKM412,,1,79000,,
RISKM411,Derived,1,0,,
RISKM410,,1,0,,
RISKM409,,1,0,,
RISKG506,,1,0,,
RISK2948,,1,0,,
RISK1773,,1,0,,
RISK1754,,1,0,,
RISKN511,,1,1000,,
RISKN510,,1,0,,
RISK6980,,1,,,
